env_code,2FACC/3IIH6,6F629/3IIH6,A632/3IIH6,A634/3IIH6,A635/3IIH6,A679/3IIH6,A680/3IIH6,B104/3IIH6,B109/3IIH6,B110/3IIH6,B119/3IIH6,B14A/H95,B14A/MO17,B37/MO17,B73/3IIH6,B73/PHN82,B73/PHZ51,B73/TX6252,B84/3IIH6,BSSSC0_001/3IIH6,BSSSC0_002/3IIH6,BSSSC0_005/3IIH6,BSSSC0_008/3IIH6,BSSSC0_012/3IIH6,BSSSC0_015/3IIH6,BSSSC0_017/3IIH6,BSSSC0_020/3IIH6,BSSSC0_024/3IIH6,BSSSC0_026/3IIH6,BSSSC0_029/3IIH6,BSSSC0_038/3IIH6,BSSSC0_054/3IIH6,BSSSC0_057/3IIH6,BSSSC0_060/3IIH6,CG102/3IIH6,CG106/3IIH6,CG44/CGR01,CG60/LH162,CGR03/CG108,CO258/3IIH6,DKFBHJ/3IIH6,F42/H95,F42/MO17,F42/OH43,FBLA/3IIH6,FR19/3IIH6,GEMN-0268/3IIH6,H122W/3IIH6,H84/3IIH6,H91/3IIH6,I159/3IIH6,ILL.HY/3IIH6,LAMA2002-58-3-B-B-B-B-B-B-1-B19-B18-B22/LH195,LH145/3IIH6,LH149/3IIH6,LH195/3IIH6,LH195/LH123HT,LH195/LH185,LH195/LH210,LH195/LH82,LH195/PHJ65,LH195/PHM49,LH195/PHN37,LH195/PHN47,LH195/PHN82,LH195/PHP60,LH195/PHR03,LH195/PHW30,LH195/PHW53,LH195/PHZ51,LH195/Q381,LH198/3IIH6,LH198/PHZ51,LH205/3IIH6,LH209/3IIH6,LH212HT/LH195,LH216/LH195,LH220HT/3IIH6,LH74/PHN82,N192/3IIH6,N209/3IIH6,N217/3IIH6,N218/3IIH6,N28HT/3IIH6,OS420/3IIH6,PB80/PHZ51,PHB09/3IIH6,PHB47/3IIH6,PHB47/PHZ51,PHBB3/3IIH6,PHBW8/3IIH6,PHG29/PHG47,PHG80/3IIH6,PHG80/PHZ51,PHN11_OH43_0001/PHB47,PHN11_PHW65_0323/LH195,PHP02/PHB47,PHP38/LH123HT,PHP38/LH210,PHP38/PHJ65,PHP38/PHM49,PHP38/PHN47,PHP38/PHN82,PHP38/PHP60,PHP38/PHR03,PHP38/PHW30,PHP38/PHW53,PHP38/Q381,PHP85/3IIH6,PHT69/3IIH6,PHV37/3IIH6,PHW52/LH185,PHW52/LH210,PHW52/PHJ65,PHW52/PHN47,PHW52/PHN82,PHW52/PHP60,PHW52/PHR03,PHW52/PHW30,PHW52/PHW53,PHW52/PHZ51,PHW52/Q381,SD101/3IIH6,TX714/PHZ51,TX740/LH195,TX770/LH195,W10004_0008/3IIH6,W10004_0045/3IIH6,W10004_0062/3IIH6,W10004_0072/3IIH6,W10004_0121/3IIH6,W10004_0140/3IIH6,W10004_0148/3IIH6,W10004_0208/3IIH6,W10004_0212/3IIH6,W10004_0225/3IIH6,W10004_0258/3IIH6,W10004_0292/3IIH6,W10005_0107/PHB47,PHN11_PHG47_0251/PHB47,B14A/OH43,B37/H95,B73/MO17,B73/PHM49,CG118/CGR01,CG120/3IIH6,CG120/LH162,CG120/LH185,CG120/PHK05,CG120/PHR25,CG120/PHZ51,CG123/S8324,CG124/CG120,CG124/LH145,CG124/PHHV4,CG124/PHRE1,CG124/S8324,CG60/LH185,CG60/LH82,CGR01/LH82,ICI 441/LH123HT,ICI 441/LH185,ICI 441/LH38,ICI 441/LH51,ICI 441/LH82,ICI 441/PHG29,ICI 441/PHG47,ICI 441/PHG83,ICI 441/PHK56,ICI 441/PHN82,ICI 441/PHZ51,ICI 441/Q381,LH145/LH162,LH145/PHR25,LH185/LH145,LH185/PHRE1,LH185/S8324,LH195/CGR01,LH195/LH38,LH195/LH51,LH195/PHG29,LH195/PHG47,LH195/PHG83,LH195/PHK56,LH198/CGR01,LH198/LH123HT,LH198/LH185,LH198/LH38,LH198/LH51,LH198/LH82,LH198/PHG29,LH198/PHG47,LH198/PHG83,LH198/PHK56,LH198/PHN37,LH198/PHN82,LH198/Q381,LH74/PHM49,LH82/LH145,LH82/PHB47,LH82/S8324,PHB47/LH123HT,PHB47/LH162,PHB47/LH185,PHB47/LH38,PHB47/LH51,PHB47/LH82,PHB47/PHG29,PHB47/PHG47,PHB47/PHG83,PHB47/PHK05,PHB47/PHK56,PHB47/PHN82,PHB47/PHR25,PHB47/Q381,PHG29/CG120,PHG29/LH145,PHG29/PHB47,PHG29/PHHV4,PHG29/PHRE1,PHG29/S8324,PHG47/CG120,PHG47/LH145,PHG47/PHB47,PHG47/PHHV4,PHG47/PHRE1,PHG47/S8324,PHHV4/3IIH6,PHHV4/LH162,PHHV4/LH185,PHHV4/PHK05,PHHV4/PHK56,PHHV4/PHR25,PHHV4/PHZ51,PHJ40/LH82,PHJ89/CG120,PHJ89/LH145,PHJ89/PHHV4,PHJ89/PHRE1,PHJ89/S8324,PHK05/PHRE1,PHK56/PHRE1,PHN66/LH123HT,PHN66/LH185,PHN66/LH38,PHN66/LH51,PHN66/LH82,PHN66/PHG29,PHN66/PHG47,PHN66/PHG83,PHN66/PHK56,PHN66/PHN82,PHN66/PHZ51,PHN66/Q381,PHN82/LH145,PHN82/PHB47,PHN82/PHHV4,PHN82/PHRE1,PHN82/S8324,PHRE1/PHR25,PHW52/LH123HT,PHW52/LH38,PHW52/LH51,PHW52/LH82,PHW52/PHG29,PHW52/PHG47,PHW52/PHG83,PHW52/PHK56,PHW52/PHM49,PHW52/PHN37,PHZ51/LH145,S8324/3IIH6,S8324/LH162,S8324/PHK05,S8324/PHK56,S8324/PHR25,S8324/PHZ51,VA35/LH195,W10005_0147/PHB47,W10008_0069/PHB47,W37A/PHB47,WF9/H95,B97/PHB47,B37/OH43,BGEM-0005-N/LH195,BGEM-0063-N/LH195,BGEM-0089-N/LH195,BGEM-0124-N/LH195,BGEM-0151-N/LH195,BGEM-0182-N/LH195,BGEM-0202-N/LH195,BGEM-0203-N/LH195,BGEM-0206-N/LH195,BGEM-0207-N/LH195,BGEM-0211-N/LH195,BGEM-0227-N/LH195,BGEM-0235-N/LH195,BGEM-0239-N/LH195,BGEM-0246-N/LH195,BGEM-0256-N/LH195,BGEM-0259-N/LH195,GEMN-0269/3IIH6,MO17/PHZ51,Z029E0002/PHZ51,Z031E0012/PHZ51,Z031E0556/PHZ51,Z032E0034/PHZ51,Z032E0081/PHZ51,Z033E0001/PHZ51,Z034E0042/3IIH6,Z034E0042/PHZ51,Z035E0047/PHZ51,Z035E0060/PHZ51,Z036E0057/PHZ51,Z037E0012/3IIH6,Z037E0054/PHZ51,Z038E0057/3IIH6,Z038E0057/PHZ51,MBNIL B004/PHZ51,MBNIL B015/3IIH6,MBNIL B015/PHZ51,MBNIL B040/3IIH6,MBNIL B040/PHZ51,MBNIL B043/3IIH6,MBNIL B043/PHZ51,MBNIL B044/PHZ51,MBNIL B049/PHZ51,MBNIL B055/LH185,MBNIL B055/PHZ51,MBNIL B057/PHZ51,MBNIL B065/3IIH6,MBNIL B065/PHZ51,MBNIL B078/3IIH6,MBNIL B078/PHZ51,MBNIL B102/PHZ51,MBNIL B107/3IIH6,MBNIL B107/PHZ51,MBNIL B111/3IIH6,MBNIL B111/PHZ51,MBNIL B122/3IIH6,MBNIL B122/PHZ51,MBNIL B123/PHZ51,MBNIL B136/PHZ51,MBNIL B154/3IIH6,MBNIL B154/PHZ51,MBNIL B169/PHZ51,MBNIL B175/3IIH6,MBNIL B175/LH185,MBNIL B175/PHZ51,MBNIL B189/3IIH6,MBNIL B189/LH185,MBNIL B189/PHZ51,LH132/LH51,PHG39/PHM49,WF9/MO17,B73/PHP02,LH132/PHP02,PHG39/PHP02,PHJ40/PHP02,MBNIL B004/LH185,MBNIL B015/LH185,MBNIL B055/3IIH6,MBNIL B057/3IIH6,MBNIL B102/3IIH6,MBNIL B102/LH185,MBNIL B123/3IIH6,MBNIL B144/3IIH6,MBNIL B144/LH185,AH83/3IIH6,B111/3IIH6,MS222/3IIH6,TR 9-1-1-6/3IIH6
ARH1,31.869,6.365,23.452,11.617,131.205,46.785,276.075,1.374,1373.139,434.788,88.663,158.286,384.506,696.181,48.513,199.516,19.739,381.571,385.384,230.583,0.026,438.092,14.956,4111.753,256.368,969.844,107.93,4.915,65.306,94.52,8.684,380.879,316.343,51.364,268.355,3.081,827.119,251.77,2955.862,96.329,90.945,555.574,1795.11,125.298,393.098,734.677,649.048,88.881,548.081,11.517,29.507,466.038,1847.52,213.201,248.136,0.66,387.007,59.577,1297.766,67.643,4.636,13.337,613.571,0.506,397.784,1706.403,674.305,477.138,199.515,348.699,5.794,10.147,526.816,1491.166,1778.753,57.985,18.321,178.397,41.368,7.832,0.256,0.029,111.956,152.536,248.613,111.702,15.013,104.803,2128.15,1739.231,50.595,31.516,11.192,836.225,436.62,6.297,84.521,63.729,0.808,460.675,912.317,347.238,144.621,460.099,47.401,292.854,593.865,1138.599,395.021,1471.38,483.338,2068.334,188.092,6.166,1014.098,4.761,51.043,583.788,1.555,807.025,1153.655,65.378,0.571,10.021,402.167,1262.901,21.996,3.115,206.364,293.922,127.496,41.135,4.422,934.037,594.37,753.226,48.155,219.093,1738.604,NA,NA,NA,NA,NA,NA,NA,NA,NA,NA,NA,NA,NA,NA,NA,NA,NA,NA,NA,NA,NA,NA,NA,NA,NA,NA,NA,NA,NA,NA,NA,NA,NA,NA,NA,NA,NA,NA,NA,NA,NA,NA,NA,NA,NA,NA,NA,NA,NA,NA,NA,NA,NA,NA,NA,NA,NA,NA,NA,NA,NA,NA,NA,NA,NA,NA,NA,NA,NA,NA,NA,NA,NA,NA,NA,NA,NA,NA,NA,NA,NA,NA,NA,NA,NA,NA,NA,NA,NA,NA,NA,NA,NA,NA,NA,NA,NA,NA,NA,NA,NA,NA,NA,NA,NA,NA,NA,NA,NA,NA,NA,NA,NA,NA,NA,NA,NA,NA,NA,NA,NA,NA,NA,NA,NA,NA,NA,NA,NA,NA,NA,NA,NA,NA,NA,NA,NA,NA,NA,NA,NA,NA,NA,NA,NA,NA,NA,NA,NA,NA,NA,NA,NA,NA,NA,NA,NA,NA,NA,NA,NA,NA,NA,NA,NA,NA,NA,NA,NA,NA,NA,NA,NA,NA,NA,NA,NA,NA,NA,NA,NA,NA,NA,NA,NA,NA,NA,NA,NA,NA,NA,NA,NA,NA,NA,NA,NA,NA,NA,NA,NA,NA,NA,NA,NA,NA,NA,NA,NA,NA,NA,NA,NA,NA,NA,NA,NA,NA,NA,NA,NA,NA,NA,NA,NA,NA,NA,NA,NA,NA,NA,NA,NA
ARH2,NA,33.177,83.385,1713.549,73.147,272.711,307.25,2531.899,162.304,975.991,1300.408,231.941,461.467,100.778,551.196,515.03,43.666,NA,685.887,35.656,28.225,NA,NA,276.678,108.464,5.715,42.399,177.447,11.813,NA,22.154,2833.337,333.519,NA,1045.515,222.913,893.604,3302.803,1149.938,545.835,55.596,0.354,209.928,448.033,14.972,0.685,471.209,359.396,165.147,NA,1707.202,177.044,NA,339.892,2.307,450.777,1459.69,230.574,1264.135,392.886,776.309,342.205,28.615,2248.689,1365.724,478.194,511.111,867.601,0.011,184.018,157.681,37.425,918.223,294.461,1436.81,1054.133,305.896,2210.482,3.827,1311.152,31.84,1000.037,175.687,617.865,84.581,6.19,116.577,3.434,19.829,110.492,19.117,77.752,291.648,61.813,1121.877,259.203,1381.967,216.835,144.152,409.13,93.029,14.966,1030.357,1901.754,9.436,61.57,491.96,1450.66,66.112,1.304,47.938,8.216,556.025,2056.736,3.738,121.262,104.706,41.834,13.854,1025.284,513.727,414.374,932.285,410.713,NA,NA,52.081,4493.383,59.586,0.002,211.317,325.261,NA,1209.627,448.605,545.613,0.074,1042.272,0.028,238.447,NA,NA,NA,NA,NA,NA,NA,NA,NA,NA,NA,NA,NA,NA,NA,NA,NA,NA,NA,NA,NA,NA,NA,NA,NA,NA,NA,NA,NA,NA,NA,NA,NA,NA,NA,NA,NA,NA,NA,NA,NA,NA,NA,NA,NA,NA,NA,NA,NA,NA,NA,NA,NA,NA,NA,NA,NA,NA,NA,NA,NA,NA,NA,NA,NA,NA,NA,NA,NA,NA,NA,NA,NA,NA,NA,NA,NA,NA,NA,NA,NA,NA,NA,NA,NA,NA,NA,NA,NA,NA,NA,NA,NA,NA,NA,NA,NA,NA,NA,NA,NA,NA,NA,NA,NA,NA,NA,NA,NA,NA,NA,NA,NA,NA,NA,NA,NA,NA,NA,NA,NA,NA,NA,NA,NA,NA,NA,NA,NA,NA,NA,NA,NA,NA,NA,NA,NA,NA,NA,NA,NA,NA,NA,NA,NA,NA,NA,NA,NA,NA,NA,NA,NA,NA,NA,NA,NA,NA,NA,NA,NA,NA,NA,NA,NA,NA,NA,NA,NA,NA,NA,NA,NA,NA,NA,NA,NA,NA,NA,NA,NA,NA,NA,NA,NA,NA,NA,NA,NA,NA,NA,NA,NA,NA,NA,NA,NA,NA,NA,NA,NA,NA,NA,NA,NA,NA,NA,NA,NA,NA,NA,NA,NA,NA,NA,NA,NA,NA,NA,NA,NA,NA,NA,NA,NA,NA,NA,NA,NA,NA,NA,NA
COH1,NA,NA,NA,NA,NA,NA,NA,NA,NA,NA,NA,262.337,577.011,NA,NA,758.343,529.478,9.726,NA,NA,NA,NA,NA,NA,NA,NA,NA,NA,NA,NA,NA,NA,NA,NA,NA,NA,102.39,250.883,87.34,NA,NA,NA,23.228,NA,NA,NA,32.071,NA,NA,NA,NA,NA,3864.744,2.551,NA,NA,1163.835,323.778,NA,12.144,NA,NA,95.312,NA,454.771,NA,NA,NA,NA,376.615,246.136,NA,1.645,NA,NA,NA,1623.769,NA,NA,NA,NA,NA,NA,NA,NA,153.504,NA,7.165,213.406,NA,NA,28.236,NA,NA,NA,868.944,153.718,NA,NA,NA,NA,NA,NA,NA,NA,NA,NA,NA,NA,NA,NA,0.816,NA,NA,NA,3.962,NA,NA,NA,NA,28.434,792.692,NA,NA,3967.985,NA,NA,NA,NA,NA,NA,NA,NA,NA,NA,NA,NA,NA,15.473,9.993,18.854,92.525,64.059,583.363,0.046,116.965,5.125,2.959,19.958,167.892,10.307,460.542,87.823,61.88,0.186,126.337,7.138,231.343,42.897,8.23,506.192,31.232,54.752,3.402,29.664,41.537,42.596,544.238,113.391,530.233,21.151,0.083,291.067,0.16,62.132,24.045,219.937,77.447,267.334,76.872,1.436,39.815,194.155,1348.375,173.833,213.056,87.457,0.622,248.453,317.281,70.356,25.628,186.396,41.261,3.345,270.207,0.019,11.013,7.588,168.52,16.502,72.977,1.327,31.921,22.065,61.018,60.439,0.11,16.381,2.381,0,23.074,80.245,27.009,196.467,159.683,45.814,86.371,33.139,470.008,9.745,496.631,25.445,181.547,326.215,0.836,215.935,614.308,122.757,20.55,337.263,41.005,13.708,0.261,10.179,59.857,73.096,5.859,231.768,4.148,532.428,5.027,635.448,90.332,69.348,6.954,77.84,36.608,0.108,60.306,84.144,34.879,8.006,44.414,135.383,143.756,9.833,233.394,89.587,0.19,76.792,72.881,54.563,445.072,70.296,378.912,9.121,254.022,160.998,462.879,913.537,42.448,57.003,175.584,210.415,3.526,108.731,882.758,220.65,8.412,1532.391,144.009,NA,NA,NA,NA,NA,NA,NA,NA,NA,NA,NA,NA,NA,NA,NA,NA,NA,NA,NA,NA,NA,NA,NA,NA,NA,NA,NA,NA,NA,NA,NA,NA,NA,NA,NA,NA,NA,NA,NA,NA,NA,NA,NA,NA,NA,NA,NA,NA,NA,NA,NA,NA,NA,NA,NA,NA,NA,NA,NA,NA,NA,NA,NA,NA,NA,NA,NA,NA,NA,NA,NA,NA,NA,NA,NA,NA,NA,NA,NA,NA,NA,NA,NA,NA,NA,NA,NA,NA,NA,NA
DEH1,NA,NA,NA,1025.549,887.336,23.71,NA,NA,NA,1644.513,NA,6785.427,2485.267,NA,NA,216.951,1.36,70.937,NA,NA,49.82,NA,NA,20.191,227.473,2850.091,406.074,1068.636,648.466,NA,NA,407.59,NA,NA,0.324,NA,1394.765,NA,2403.664,NA,4.303,NA,1.564,NA,64.23,2133.29,1312.099,NA,52.55,NA,96.913,NA,52.885,NA,146.604,NA,69.413,152.414,NA,659.581,NA,NA,20.909,NA,106.579,NA,NA,NA,NA,543.715,7.522,122.009,5.286,24.146,47.102,154.552,3754.362,1358.668,NA,49.03,NA,1051.997,NA,3031.578,2509.287,76.679,0.628,160.459,2.341,NA,498.937,604.295,48.986,NA,129,1.598,270.915,NA,NA,NA,NA,NA,NA,NA,NA,NA,NA,NA,142.852,197.659,689.925,359.813,NA,NA,NA,861.587,NA,NA,NA,NA,832.284,203.213,NA,NA,1090.82,NA,402.623,365.963,NA,NA,NA,NA,NA,151.889,106.728,106.361,NA,NA,15.765,59.584,2505.105,365.378,1260.539,NA,NA,NA,NA,NA,NA,NA,NA,NA,NA,NA,NA,NA,NA,NA,NA,1121.068,906.259,390.123,160.92,768.175,506.862,41.179,445.617,77.307,232.621,99.058,90.252,91.931,NA,NA,NA,NA,NA,NA,24.387,2165.67,195.385,1111.842,49.67,439.19,NA,667.571,795.618,159.648,707.799,81.443,4.555,1281.576,48.276,25.848,1177.383,54.356,108.346,546.754,NA,NA,NA,689.649,NA,0.08,154.44,39.337,230.811,22.331,128.922,236.775,NA,183.169,13.704,NA,45.11,NA,NA,NA,NA,NA,NA,NA,NA,NA,NA,NA,NA,NA,NA,NA,NA,NA,NA,NA,NA,NA,NA,NA,NA,NA,NA,NA,16.115,1264.052,6.35,352.667,15.997,26.086,104.694,56.158,131.975,66.559,2.447,56.267,NA,NA,NA,NA,NA,NA,4134.602,106.318,1341.792,69.356,205.51,197.265,176.066,381.942,1060.144,589.966,NA,NA,NA,NA,NA,NA,NA,195.646,10.853,10.555,147.651,353.534,NA,NA,NA,NA,NA,NA,NA,NA,NA,NA,NA,NA,NA,NA,NA,NA,NA,NA,NA,NA,NA,NA,NA,NA,NA,NA,NA,NA,NA,NA,NA,NA,NA,NA,NA,NA,NA,NA,NA,NA,NA,NA,NA,NA,NA,NA,NA,NA,NA,NA,NA,NA,NA,NA,NA,NA,NA,NA,NA,NA,NA,NA,NA,NA,NA,NA,NA,NA,NA,NA,NA,NA,NA,NA,NA,NA,NA,NA,NA,NA,NA,NA,NA,NA,NA,NA,NA,NA,NA,NA
GAH1,NA,NA,NA,NA,NA,NA,NA,NA,NA,NA,NA,1357.662,119.64,593.3,NA,25.017,185.896,3580.757,NA,NA,NA,NA,NA,NA,NA,NA,NA,NA,NA,NA,NA,NA,NA,NA,NA,NA,6191.995,3803.837,3601.908,NA,NA,149.09,1712.935,1578.296,NA,NA,1517.805,NA,NA,NA,NA,NA,176.901,NA,NA,NA,645.288,4.665,1140.172,358.462,1002.246,643.529,621.135,1285.887,6574.757,5275.076,2106.555,1635.06,546.838,2257.772,16.129,NA,4.038,NA,NA,88.262,3185.609,NA,2440.432,NA,NA,NA,NA,NA,NA,104.043,NA,NA,110.6,NA,NA,643.976,NA,206.788,1061.93,763.257,4295.99,18.629,63.36,850.54,3.284,2254.923,57.308,3008.704,933.522,33.964,163.854,1913.423,NA,NA,NA,3.886,194.686,112.511,1680.013,65.333,301.961,133.16,389.224,472.488,5082.199,2880.082,NA,213.174,304.716,3984.789,NA,NA,NA,NA,NA,NA,NA,NA,NA,NA,NA,NA,3207.645,226.152,10.577,70.962,130.346,1.81,NA,NA,NA,NA,NA,NA,NA,NA,NA,NA,NA,NA,NA,NA,NA,NA,NA,NA,NA,NA,NA,NA,NA,NA,NA,NA,NA,NA,NA,NA,NA,NA,NA,NA,NA,NA,NA,NA,NA,NA,NA,NA,NA,NA,NA,NA,NA,NA,NA,NA,344.107,NA,NA,NA,NA,NA,NA,NA,NA,NA,NA,NA,NA,NA,NA,NA,NA,NA,NA,NA,NA,NA,NA,NA,NA,NA,NA,NA,NA,NA,NA,NA,NA,NA,NA,NA,NA,NA,NA,NA,NA,NA,NA,NA,NA,NA,NA,NA,NA,NA,NA,NA,NA,NA,NA,NA,NA,NA,NA,NA,NA,NA,NA,NA,NA,NA,NA,NA,NA,NA,NA,NA,NA,NA,844.697,NA,NA,NA,NA,NA,NA,NA,NA,1533.589,NA,NA,1196.702,853.446,22.206,NA,NA,NA,NA,NA,NA,NA,NA,NA,NA,NA,NA,NA,NA,NA,NA,NA,NA,NA,NA,NA,NA,NA,NA,NA,NA,NA,NA,NA,NA,NA,NA,NA,NA,NA,NA,NA,NA,NA,NA,NA,NA,NA,NA,NA,NA,NA,NA,NA,NA,NA,NA,NA,NA,NA,NA,NA,NA,NA,NA,NA,NA,NA,NA,NA,NA,NA,NA,NA,NA,NA,NA,NA,NA,NA,NA,NA,NA,NA,NA,NA,NA,NA,NA,NA,NA,NA,NA,NA
GAH2,NA,NA,NA,NA,NA,NA,NA,NA,NA,NA,NA,1890.049,229.229,NA,NA,402.296,1363.598,NA,NA,NA,NA,NA,NA,NA,NA,NA,NA,NA,NA,NA,NA,NA,NA,NA,NA,NA,72.321,762.559,2542.964,NA,NA,NA,476.253,NA,NA,NA,43.998,NA,NA,NA,NA,NA,NA,NA,NA,NA,NA,NA,NA,NA,NA,NA,NA,NA,NA,NA,NA,NA,NA,NA,NA,NA,10.051,NA,NA,NA,12.836,NA,NA,NA,NA,NA,NA,NA,NA,128.298,NA,NA,434.827,NA,NA,394.949,NA,NA,1713.895,200.268,902.029,NA,NA,NA,NA,NA,NA,NA,NA,NA,NA,NA,NA,NA,NA,NA,NA,NA,NA,337.108,NA,NA,NA,NA,NA,NA,NA,NA,NA,NA,NA,NA,NA,NA,NA,NA,NA,NA,NA,NA,NA,NA,267.59,0.112,741.838,442.935,221.81,177.652,NA,NA,NA,NA,NA,NA,NA,NA,NA,NA,NA,NA,NA,NA,NA,154.681,NA,NA,NA,NA,NA,NA,NA,NA,NA,NA,NA,NA,NA,NA,NA,NA,NA,NA,NA,NA,NA,NA,NA,NA,NA,NA,NA,NA,NA,NA,NA,NA,NA,NA,NA,NA,NA,0.157,NA,NA,NA,NA,NA,NA,NA,NA,NA,NA,NA,NA,NA,NA,NA,NA,NA,NA,NA,NA,NA,NA,NA,NA,NA,NA,NA,NA,NA,NA,NA,NA,NA,NA,NA,NA,NA,NA,NA,NA,NA,NA,NA,NA,NA,NA,NA,NA,NA,NA,NA,NA,NA,NA,NA,NA,NA,NA,NA,NA,NA,NA,NA,NA,NA,NA,NA,NA,NA,NA,272.632,NA,NA,NA,NA,NA,NA,NA,NA,3.398,364.907,5.705,633.667,1859.772,58.478,0,235.567,220.49,1.793,78.628,13.347,371.161,430.251,6.954,371.341,280.334,668.625,107.208,0.078,47.094,943.329,382.109,62.423,55.798,666.432,1.83,4.785,0,8.355,976.34,133.043,95.949,646.715,315.707,52.846,135.059,49.847,478.291,268.934,710.573,NA,NA,NA,NA,NA,NA,NA,NA,NA,NA,NA,NA,NA,NA,NA,NA,NA,NA,NA,NA,NA,NA,NA,NA,NA,NA,NA,NA,NA,NA,NA,NA,NA,NA,NA,NA,NA,NA,NA,NA,NA,NA,NA,NA,NA,NA,NA,NA,NA,NA,NA,NA,NA,NA
IAH1,NA,NA,121.613,37.577,43.811,126.441,NA,NA,110.924,0.118,NA,25.813,0.497,NA,47.208,119.468,22.521,0.117,388.827,40.322,284.329,NA,NA,2.89,35.777,25.809,14.336,8.135,0.711,NA,NA,90.167,NA,NA,14.201,NA,1877.229,149.099,270.781,1.534,24.092,NA,236.768,NA,8.224,159.666,127.84,NA,14.675,NA,12.478,46.581,3.193,351.596,277.677,NA,460.89,1.507,2.148,76.729,87.142,108.143,14.538,69.166,0.24,25.598,10.641,9.446,357.718,178.757,28.077,29.133,362.635,92.672,13.83,581.018,1288.993,556.634,195.312,146.851,NA,2.754,NA,32.56,211.762,357.353,1069.966,70.173,16.52,1.493,222.766,67.025,57.456,4.559,421.778,21.376,46.747,416.383,138.619,25.57,98.825,69.309,3.021,30.016,0.475,247.986,225.484,2.795,30.554,24.667,157.715,357.057,799.547,11.308,28.057,62.017,NA,49.052,50.499,628.443,40.87,308.663,NA,NA,93.401,4.863,21.608,18.45,NA,NA,NA,NA,NA,2.52,42.596,22.762,129.501,NA,0.345,261.093,195.658,NA,1.15,NA,NA,NA,NA,NA,NA,NA,NA,NA,NA,NA,NA,NA,NA,NA,NA,NA,63.892,350.677,298.111,208.916,86.69,304.515,4.162,1.377,281.115,24.266,202.957,179.443,NA,NA,NA,NA,NA,NA,171.083,421.038,164.327,57.408,11.571,277.812,NA,141.398,123.036,8.058,98.733,82.035,28.27,463.006,49.221,30.463,741.62,212.885,3.731,NA,NA,NA,NA,5.434,NA,265.874,98.894,12.398,11.833,150.907,190.64,1.678,NA,17.246,210.693,NA,454.376,NA,NA,NA,NA,NA,NA,NA,NA,NA,NA,NA,NA,NA,NA,NA,NA,NA,NA,NA,NA,NA,NA,NA,NA,NA,NA,NA,136.423,17.378,118.739,410.902,2.753,274.051,25.536,23.419,128.342,1.333,686.248,178.454,NA,NA,NA,NA,NA,NA,287.941,166.312,7.065,15.123,20.115,95.095,14.752,42.038,NA,244.411,NA,NA,NA,NA,NA,NA,NA,310.714,NA,NA,NA,NA,NA,NA,12.434,95.848,222.918,36.761,19.995,4.477,38.022,590.676,NA,NA,449.96,90.508,96.87,34.702,109.034,65.958,1018.436,40.728,26.67,0.733,141.469,NA,0.752,NA,NA,149.26,140.362,12.017,NA,NA,8.518,NA,218.618,37.844,NA,NA,NA,NA,NA,NA,NA,NA,NA,NA,NA,NA,NA,NA,NA,NA,NA,NA,NA,NA,NA,NA,NA,NA,NA,NA,NA,NA,NA,NA,NA,NA,NA,NA,NA,NA,NA,NA,NA,NA,NA,NA,NA,NA,NA,NA,NA,NA,NA,NA,NA,NA,NA,NA
IAH2,NA,NA,1028.381,629.344,410.257,108.156,NA,546.26,1.651,403.148,NA,0.018,855.315,NA,2567.941,165.272,3.13,883.022,1462.622,55.661,485.672,NA,NA,3445.933,71.925,2.132,2.493,427.48,103.192,NA,NA,160.332,NA,NA,277.427,NA,126.404,183.633,68.43,171.712,68.086,NA,1070.584,NA,121.769,57.284,13.046,NA,6.157,NA,768.911,177.395,233.864,4.671,13.594,NA,622.681,98.867,NA,162.808,NA,NA,499.346,NA,456.265,NA,NA,NA,NA,599.731,222.524,317.255,405.884,316.43,678.114,422.635,898.051,119.035,411.382,61.522,NA,605.558,NA,914.13,331.777,9.828,354.514,314.807,0.486,70.389,210.88,8.199,1.966,180.67,520.577,1846.453,60.761,NA,NA,NA,NA,NA,NA,NA,NA,NA,NA,NA,918.98,5.423,0.612,18.652,NA,NA,NA,156.449,NA,NA,NA,NA,241.185,437.089,60.529,NA,211.164,1770.343,1740.609,114.801,NA,3563.271,NA,NA,NA,95.654,941.128,8.786,140.035,NA,100.341,52.958,339.855,NA,2.941,NA,425.807,5.036,141.91,122.509,77.683,758.2,547.838,375.927,42.005,185.261,1202.991,184.367,220.733,495.082,5.463,NA,1014.672,445.277,1022.099,43.459,122.634,201.47,883.091,1586.002,660.398,4.331,708.915,15.067,131.433,291.935,515.501,1.805,207.974,43.054,383.324,198.914,5.669,1308.547,2.002,459.934,129.421,121.861,568.817,80.477,1.941,641.901,214.814,1.621,431.667,734.936,780.266,73.001,545.744,NA,253.209,176.317,19.816,228.988,916.339,106.203,0.228,75.701,49.521,107.15,38.005,453.537,326.627,2.631,121.755,81.867,936.799,49.215,5.954,239.979,9.969,316.621,138.232,245.444,26.483,55.814,437.285,0.128,104.989,55.169,81.229,9.827,371.267,1335.93,69.699,5.576,15.542,0.001,318.835,6.839,0.277,0.036,25.72,158.176,20.621,15.539,185.221,141.979,395.135,138.277,2.373,18.785,133.01,331.668,97.71,122.51,53.067,31.547,27.168,NA,252.637,1331.398,202.503,28.618,7.537,391.195,36.554,2.444,147.643,472.362,NA,726.763,163.602,182.011,821.657,157.613,4.045,373.202,346.927,113.042,NA,NA,NA,NA,NA,NA,NA,314.898,1475.533,132.192,0.101,72,469.491,0.36,NA,NA,10.215,18.935,690.641,2.444,581.367,670.856,155.312,208.549,685.588,34.75,716.555,NA,102.767,NA,NA,115.114,124.405,9.428,NA,NA,344.394,NA,604.348,656.806,676.851,0.01,199.672,37.085,87.574,404.978,11.659,15.584,28.786,604.816,44.273,1027.234,7.785,129.696,781.658,212.35,256.174,333.623,112.632,91.734,86.381,16.742,0.694,206.191,620.229,652.801,31.349,21.273,4.341,606.3,23.51,42.589,687.518,32.457,NA,NA,NA,NA,NA,NA,NA,NA,NA,NA,NA,NA,NA,NA,NA,NA,NA,NA,NA,NA
IAH3,NA,NA,44.887,385.89,0,25.244,NA,NA,118.546,86.861,NA,1040.541,302.028,NA,NA,814.323,728.116,39.121,0.106,0.278,47.269,NA,NA,96.834,66.42,343.844,16.363,41.903,349.695,NA,NA,658.109,NA,NA,40.636,NA,24.107,77.988,1.968,NA,154.972,NA,101.98,NA,8.752,3.606,25.777,NA,582.269,NA,84.152,NA,82.947,67.703,63.966,NA,882.36,180.887,116.373,7.544,11.214,11.303,366.432,23.328,0.294,20.158,3.361,0,281.552,2.271,98.224,124.136,59.295,258.551,366.488,1994.336,566.356,67.18,324.116,74.061,NA,47.588,NA,2453.44,131.427,1.723,63.049,59.734,43.699,3.726,603.176,0.558,37.681,346.554,0.063,49.645,557.612,257.241,27.372,1.143,87.028,59.891,89.434,29.972,0.871,4.019,5.907,32.565,694.709,0.094,360.057,38.965,63.782,95.712,39.25,206.01,NA,42.031,2.738,7.77,294.237,8.679,NA,NA,241.052,173.88,290.723,409.44,NA,NA,NA,NA,NA,825.612,138.207,35.561,NA,NA,207.336,668.083,1019.641,NA,743.611,NA,NA,NA,NA,NA,NA,NA,NA,NA,NA,NA,NA,NA,NA,NA,NA,NA,51.929,546.297,65.18,1698.244,452.836,150.305,40.852,305.388,347.476,89.851,0.99,17.822,NA,NA,NA,NA,NA,NA,285.129,743.116,10.386,402.188,129.788,463.889,NA,0.572,470.958,10.929,804.333,108.399,147.977,543.388,907.318,853.505,747.044,2.19,318.879,NA,NA,NA,NA,761.05,NA,831.743,457.639,554.431,74.611,5.022,233.972,43.157,NA,1.232,29.169,NA,233.857,NA,NA,NA,NA,NA,NA,NA,NA,NA,NA,NA,NA,NA,NA,NA,NA,NA,NA,NA,NA,NA,NA,NA,NA,NA,NA,NA,1807.384,9.686,351.589,1115.71,5.704,91.407,18.909,1448.673,1.01,128.566,36.847,307.741,NA,NA,NA,NA,NA,NA,1614.921,0.022,514.794,154.182,576.524,12.923,56.828,5.92,NA,492.359,NA,NA,NA,NA,NA,NA,NA,296.552,NA,NA,NA,NA,NA,NA,4.389,61.143,18.027,15.133,41.561,573.764,0.902,1037.658,790.088,65.21,47.546,0.002,29.418,96.664,0.157,273.779,67.873,60.939,162.451,21.321,76.003,NA,22.54,NA,131.578,62.69,221.553,0.061,NA,NA,0.255,NA,0.464,23.139,26.17,3.26,298.852,12.069,2.812,0.081,1.556,45.016,0.577,67.024,127.667,103.761,10.892,172.742,67.615,116.824,0.72,0.448,0.842,151.029,43.352,8,0.094,62.055,200.454,56.683,4.928,139.061,78.161,14.23,105.875,157.408,27.251,0.369,NA,NA,NA,NA,NA,NA,NA,NA,NA,NA,NA,NA,NA,NA,NA,NA,NA,NA,NA,NA
IAH4,NA,NA,13.55,152.111,284.631,358.662,NA,NA,14.815,519.621,NA,84.536,357.842,NA,NA,16.911,42.508,94.179,NA,78.45,514.879,NA,NA,1160.392,32.449,6.352,69.887,252.72,38.962,NA,NA,301.419,NA,NA,15.271,NA,0.006,91.696,242.689,NA,77.836,NA,537.735,NA,756.145,6.078,1.797,NA,1.33,NA,227.469,NA,20.982,337.575,220.868,NA,1312.142,181.101,NA,29.569,NA,NA,755.707,NA,254.676,NA,NA,NA,NA,16.071,2.479,103.57,12.591,160.268,45.832,299.057,1830.123,42.249,NA,77.994,NA,976.131,NA,6.929,192.639,124.096,82.681,21.934,24.492,367.722,616.65,62.526,66.774,NA,116.945,1281.139,176.006,NA,NA,NA,NA,NA,NA,NA,NA,NA,NA,NA,840.783,371.93,49.464,68.038,NA,NA,NA,21.753,NA,NA,NA,NA,702.448,43.66,NA,NA,338.078,289.395,1162.637,363.767,NA,NA,NA,NA,NA,883.876,16.816,1.479,NA,NA,126.149,136.415,47.235,245.334,517.488,779.685,347.242,399.94,0.388,1283.495,410.965,120.748,167.017,415.656,191.913,2086.209,1466.59,336.945,472.814,143.606,384.698,NA,1568.511,319.287,170.016,761.56,625.956,413.991,131.663,619.369,1096.72,1657.76,1345.554,178.337,604.112,202.279,243.664,54.132,326.265,16.113,1.464,126.294,135.523,746.73,538.464,1138.274,409.835,632.287,562.131,176.364,72.907,73.365,387.49,3.139,84.334,676.202,602.857,224.857,2.76,NA,104.789,10.65,10.52,5.52,120.835,0.001,29.182,38.432,563.565,3.226,525.844,370.811,90.527,43.096,467.04,0.288,37.646,557.983,284.003,505.517,522.736,349.415,1099.092,85.134,328.26,41.73,567.41,12.097,401.18,96.771,33.645,15.655,2.136,805.043,52.454,111.49,37.289,334.889,46.297,30.456,401.457,252.372,13.65,223.193,29.692,280.65,61.731,211.844,131.981,0.302,506.566,438.201,88.91,327.158,40.408,6.303,247.399,11.49,5.7,113.344,121.944,33.373,284.735,37.326,936.042,253.206,31.337,51.098,61.895,209.845,1162.293,71.995,474.301,259.025,21.199,59.843,111.585,269.08,668.989,815.662,NA,NA,NA,NA,NA,NA,650.739,109.964,508.383,0.156,421.936,51.647,288.328,35.452,734.457,214.145,0.021,2.018,24.013,1.376,14.688,78.934,118.68,8.609,3703.234,46.72,113.261,NA,292.291,NA,7.869,111.273,2.482,127.352,NA,NA,677.862,630.352,193.169,24.917,82.671,172.498,133.394,0.87,229.964,65.084,29.081,76.516,977.086,1189.605,32.085,48.535,768.379,40.656,3.831,12.65,638.322,185.105,19.638,1.016,71.98,437.069,83.572,175.699,39.144,114.217,48.112,3.137,103.673,121.481,34.56,229.281,31.521,259.844,0,0,0,NA,NA,NA,NA,NA,NA,NA,NA,NA,NA,NA,NA,NA,NA,NA,NA,NA
ILH1,NA,191.247,294.604,1715.404,890.864,21.269,NA,11.212,60.442,223.346,NA,24.425,181.4,NA,399.668,878.167,1357.657,NA,657.112,159.718,7.132,NA,NA,1156.606,215.356,1889.237,20.147,105.831,328.487,NA,1.001,2497.381,NA,NA,15.314,0.671,42.058,5298.039,22.664,29.632,387.895,64.867,267.003,NA,65.168,948.309,1777.74,NA,0.195,NA,2544.449,475.248,NA,163.924,62.703,NA,245.587,626.388,NA,108.828,NA,NA,632.389,NA,394.409,NA,NA,NA,NA,2583.64,49.394,482.787,17.634,650.945,565.831,1944.196,3264.149,2123.827,0.643,1.341,NA,1561.971,NA,1488.394,1635.111,2291.072,412.97,582.109,400.513,1986.804,47.278,696.376,1129.598,3139.348,692.752,8.564,84.573,NA,NA,NA,NA,NA,NA,NA,NA,NA,NA,NA,20.83,131.438,89.748,329.177,NA,NA,NA,1317.091,NA,NA,NA,NA,1924.442,48.063,625.99,NA,NA,NA,12.053,4.942,NA,23.09,NA,NA,NA,38.194,206.71,101.143,410.148,NA,184.894,153.161,NA,NA,NA,NA,NA,NA,NA,NA,NA,NA,NA,NA,NA,NA,NA,NA,NA,NA,NA,2614.932,112.107,55.172,143.604,1107.845,116.609,67.622,724.762,4942.542,1113.797,717.794,34.549,592.779,NA,NA,NA,NA,NA,NA,16.392,398.166,457.296,296.116,4665.064,6.805,NA,651.739,2213.448,103.657,62.19,299.814,105.013,93.898,3488.619,2286.359,7.664,471.202,460.906,412.857,NA,NA,NA,837.043,NA,446.201,107.166,1669.47,0.381,143.283,864.842,111.01,NA,25.04,524.919,NA,340.619,NA,NA,NA,NA,NA,NA,NA,NA,NA,NA,NA,NA,NA,NA,NA,NA,NA,NA,NA,NA,NA,NA,NA,NA,NA,NA,NA,404.609,9.611,141.775,286.859,167.403,241.039,12.699,0.791,475.774,0.559,58.43,58.703,NA,NA,NA,NA,NA,NA,471.109,79.794,1134.694,759.417,16.689,255.265,12.719,373.448,NA,731.745,NA,NA,NA,NA,NA,NA,NA,303.293,662.163,110.54,NA,NA,NA,NA,NA,NA,NA,NA,NA,NA,NA,NA,NA,NA,NA,NA,NA,NA,NA,NA,NA,NA,NA,NA,NA,NA,NA,NA,NA,NA,NA,NA,NA,NA,NA,NA,NA,NA,NA,NA,NA,NA,NA,NA,NA,NA,NA,NA,NA,NA,NA,NA,NA,NA,NA,NA,NA,NA,NA,NA,NA,NA,NA,NA,NA,NA,NA,NA,NA,NA,NA,NA,NA,NA,NA,NA,NA,NA,NA,NA,NA,NA,NA,NA,NA,NA,NA,NA,NA,NA,NA,NA
INH1,NA,NA,12.662,231.014,39.87,277.044,NA,NA,2.496,632.272,NA,49.53,61.191,NA,NA,103.31,1.18,NA,NA,NA,5.726,NA,NA,78.338,61.626,20.997,4.45,640.56,0.579,NA,NA,38.713,NA,NA,321.934,NA,144.283,195.563,545.59,NA,371.492,NA,621.778,NA,192.672,180.328,835.09,NA,273.026,NA,247.567,NA,NA,473.002,16.776,NA,486.958,19.88,NA,0.929,NA,NA,373.987,NA,46.257,NA,NA,NA,NA,0.071,189.179,655.079,53.925,15.864,1547.632,365.955,561.864,40.996,NA,376.132,NA,768.03,NA,133.803,20.392,958.671,3.092,2.448,206.419,104.588,77.723,146.547,13.158,NA,18.756,49.809,332.894,NA,NA,NA,NA,NA,NA,NA,NA,NA,NA,NA,16.374,663.347,655.815,194.37,NA,NA,NA,55.014,NA,NA,NA,NA,540.451,272.19,NA,NA,NA,NA,1.279,50.44,NA,NA,NA,NA,NA,114.67,13.776,2.954,NA,NA,637.348,46.221,444.616,NA,69.106,NA,NA,NA,NA,NA,NA,NA,NA,NA,NA,NA,NA,NA,NA,NA,NA,603.503,78.095,267.124,890.275,39.435,1097.358,113.361,8.337,39.049,481.475,37.05,11.288,0.646,NA,NA,NA,NA,NA,NA,27.444,139.914,129.995,332.228,910.563,0.01,NA,1147.977,196.219,301.599,6.765,18.277,2.575,0.23,72.847,9.938,56.69,236.621,203.604,8.465,NA,NA,NA,203.514,NA,0.193,10.338,2081.276,773.957,113.591,244.796,0.003,NA,369.271,995.097,NA,553.912,NA,NA,NA,NA,NA,NA,NA,NA,NA,NA,NA,NA,NA,NA,NA,NA,NA,NA,NA,NA,NA,NA,NA,NA,NA,NA,NA,239.078,92.547,236.933,24.332,0.043,307.955,451.52,19.573,22.123,0.077,619.3,429.447,NA,NA,NA,NA,NA,NA,8.551,5.981,13.938,44.264,413.53,182.242,15.428,1669.587,NA,18.363,NA,NA,NA,NA,NA,NA,NA,262.101,52.912,203.514,830.355,NA,NA,NA,NA,NA,NA,NA,NA,NA,NA,NA,NA,NA,NA,NA,NA,NA,NA,NA,NA,NA,NA,NA,NA,NA,NA,NA,NA,NA,NA,NA,NA,NA,NA,NA,NA,NA,NA,NA,NA,NA,NA,NA,NA,NA,NA,NA,NA,NA,NA,NA,NA,NA,NA,NA,NA,NA,NA,NA,NA,NA,NA,NA,NA,NA,NA,NA,NA,NA,NA,NA,NA,NA,NA,0,0,0,0,NA,NA,NA,NA,NA,NA,NA,NA,NA,NA,NA,NA,NA
MIH1,NA,89.908,1165.383,39.823,2.557,834.578,NA,25.116,0.399,844.504,643.75,110.655,257.057,NA,169.787,61.354,267.07,NA,464.375,29.907,247.339,NA,NA,976.245,119.298,2229.901,3.603,31.619,682.101,NA,767.148,64.704,NA,NA,199.724,17.802,78,96.35,486.67,276.399,21.759,472.247,222.823,113.943,260.503,634.648,871.477,NA,40.077,NA,1618.407,2933.835,NA,1155.824,228.8,174.151,NA,NA,NA,63.376,NA,NA,241.834,NA,NA,NA,NA,NA,NA,NA,NA,35.763,17.652,524.889,534.643,889.003,127.378,499.394,38.865,464.437,NA,560.33,288.673,732.184,1511.724,428.069,115.594,313.295,21.017,426.492,510.745,527.261,80.453,628.037,1663.106,1.676,1370.545,NA,NA,NA,NA,NA,NA,NA,NA,NA,NA,NA,18.007,79.337,30.471,NA,NA,NA,NA,247.468,NA,NA,NA,NA,NA,NA,2086.749,NA,NA,NA,185.233,309.838,NA,5.48,NA,NA,NA,183.32,4209.536,203.688,201.23,NA,1345.172,1350.83,NA,NA,NA,NA,4.25,62.441,24.58,1020.075,229.119,95.053,6.582,48.214,10.763,99.37,77.814,22.194,130.088,368.282,116.458,NA,NA,NA,NA,NA,NA,NA,NA,NA,NA,NA,NA,NA,9.509,22.41,35.963,95.401,206.174,141.454,NA,NA,NA,NA,NA,NA,1519.329,NA,NA,NA,NA,NA,NA,NA,NA,NA,NA,NA,NA,NA,2841.397,1.484,44.187,NA,11.619,1847.254,NA,NA,NA,NA,NA,NA,0.011,NA,NA,38.187,NA,26.671,12.563,24.889,65.624,431.997,4.502,796.12,87.256,636.123,454.783,42.561,506.248,145.1,0.256,65.169,217.298,593.599,759.792,511.046,10.383,25.069,8.994,573.435,206.887,116.034,61.14,20.477,NA,NA,NA,NA,NA,NA,NA,NA,NA,NA,NA,NA,6.883,399.593,437.836,NA,114.187,0.046,NA,NA,NA,NA,NA,NA,NA,NA,NA,NA,228.21,468.647,497.521,154.285,321.465,34.041,128.583,16.412,NA,NA,NA,NA,NA,NA,NA,NA,NA,NA,NA,NA,NA,NA,NA,NA,NA,NA,NA,NA,NA,NA,NA,NA,NA,NA,NA,NA,NA,NA,NA,NA,NA,NA,NA,NA,NA,NA,NA,NA,NA,NA,NA,NA,NA,NA,NA,NA,NA,NA,NA,NA,NA,NA,NA,NA,NA,NA,NA,NA,NA,NA,NA,NA,NA,NA,NA,NA,NA,NA,NA,NA,NA,NA,NA,NA,NA,NA,NA,NA,NA,NA,NA,NA,NA,NA,NA,NA,NA,NA,NA,NA,NA,NA
MNH1,NA,NA,NA,NA,NA,NA,NA,NA,NA,NA,NA,0.189,1462.933,NA,NA,960.692,148.382,NA,NA,NA,NA,NA,NA,NA,NA,NA,NA,NA,NA,NA,NA,NA,NA,NA,NA,NA,1.851,316.487,146.317,NA,NA,NA,278.002,NA,NA,NA,16.137,NA,NA,NA,NA,NA,NA,52.759,NA,NA,NA,NA,NA,NA,NA,NA,0.063,NA,NA,NA,NA,NA,NA,NA,NA,NA,942.394,NA,NA,NA,1357.444,NA,NA,NA,NA,NA,NA,NA,NA,3.045,NA,577.491,39.892,NA,NA,779.051,NA,NA,NA,9.454,7.405,NA,NA,NA,NA,NA,NA,NA,NA,NA,NA,NA,NA,NA,NA,NA,NA,NA,NA,22.496,NA,NA,NA,NA,NA,NA,NA,NA,NA,NA,NA,NA,NA,NA,NA,NA,NA,NA,NA,NA,NA,NA,114.303,1657.114,530.396,1.481,81.579,164.021,766.526,72.552,50.654,64.565,283.886,84.224,24.007,425.73,969.509,579.973,244.849,12.866,1.156,8.912,0.201,NA,NA,NA,NA,NA,NA,NA,NA,NA,NA,NA,NA,NA,253.942,2.89,NA,52.283,34.45,786.679,NA,NA,NA,NA,NA,NA,188.089,NA,NA,NA,NA,NA,NA,NA,NA,NA,NA,NA,NA,NA,998.152,7.905,118.258,NA,955.606,89.507,NA,NA,NA,NA,NA,NA,1446.572,4.132,NA,15.117,NA,23.493,146.244,156.291,1.638,113.555,3.312,756.162,330.438,879.328,74.314,1218.116,4.523,286.976,0.011,224.157,309.394,521.148,302.588,634.128,279.398,213.166,149.996,224.753,489.417,695.523,32.949,158.589,NA,NA,NA,NA,NA,NA,NA,NA,NA,NA,NA,NA,9.976,453.912,1449.96,263.459,117.154,93.25,NA,NA,NA,NA,NA,NA,NA,NA,5.245,NA,5551.716,0.885,10.366,471.885,278.535,0.007,458.259,0.594,NA,NA,4.202,83.588,NA,NA,324.365,1055.452,377.64,17.456,97.085,146,1413.248,314.849,1843.057,1428.461,1026.329,1349.976,63.672,302.875,3921.899,628.455,25.327,23.351,184.338,525.155,288.58,NA,591.977,1694.777,1140.011,5.337,1269.245,676.705,NA,177.66,201.098,395.785,464.884,649.752,75.725,45.73,57.904,0.022,47.78,0.489,555.787,297.454,389.402,224.634,143.201,105.838,813.158,340.663,124.875,87.43,80.931,73.974,254.349,0.669,0.129,786.638,10.331,105.368,1592.603,0.321,14.038,322.814,200.527,11.231,203.364,13.678,41.193,40.712,NA,NA,NA,NA,NA,NA,NA,0,0,0,0,0,0,0,0,0,NA,NA,NA,NA
MOH1,NA,NA,NA,NA,2778.422,134.225,NA,NA,NA,639.259,NA,668.609,123.251,NA,NA,538.705,199.102,NA,NA,NA,719.144,NA,NA,530.101,239.943,280.245,NA,244.526,22.385,NA,NA,2180.976,NA,NA,535.518,NA,39.74,844.041,236.775,NA,10.061,NA,73.246,NA,588.806,560.834,447.037,NA,NA,NA,569.862,NA,NA,NA,222.239,NA,51.093,2895.305,NA,0.008,NA,NA,399.356,NA,275.112,NA,NA,NA,NA,42.97,1094.876,1.431,5.609,83.388,143.484,NA,257.014,124.412,NA,374.065,NA,23.899,NA,2292.934,198.379,5394.193,NA,NA,0.316,NA,5.404,308.344,NA,NA,256.007,1.307,49.135,NA,NA,NA,NA,NA,NA,NA,NA,NA,NA,NA,1953.056,1.207,34.238,82.627,NA,NA,NA,1011.567,NA,NA,NA,NA,658.536,4.812,NA,NA,NA,NA,NA,140.324,NA,NA,NA,NA,NA,43.297,1.479,129.577,NA,NA,19.222,427.09,3317.698,370.291,7.347,154.222,NA,NA,NA,NA,NA,NA,NA,NA,NA,NA,NA,NA,NA,NA,NA,NA,356.024,3.979,380.474,99.662,1272.804,32.509,601.886,6.117,716.165,0.266,1356.864,35.931,NA,NA,NA,NA,NA,NA,473.374,2.725,326.058,0.17,236.87,223.699,NA,165.117,1.691,220.265,1665.053,1197.872,204.052,3587.226,913.068,34.586,705.185,13.53,19.732,NA,NA,NA,NA,361.662,NA,20.997,5.55,1348.127,702.739,33.48,21.188,172.145,NA,283.178,53.914,NA,451.219,NA,NA,NA,NA,NA,NA,NA,NA,NA,NA,NA,NA,NA,NA,NA,NA,NA,NA,NA,NA,NA,NA,NA,NA,NA,NA,NA,1.467,74.727,253.795,488.938,50.859,11.195,939.063,163.12,2253.126,48.085,819.643,258.669,NA,NA,NA,NA,NA,NA,299.218,894.794,11.798,0.154,5.235,334.445,171.028,175.208,10.475,663.794,NA,NA,NA,NA,NA,NA,NA,1306.501,NA,NA,33.007,2.206,11.422,NA,18.647,223.986,661.766,1.831,11.928,0.13,47.936,0.293,62.481,187.852,25.497,1459.648,358.679,41.015,3.171,311.31,535.556,1.58,82.48,213.164,88.859,0,84.558,21.806,2338.007,1754.417,34.979,145.568,126.762,14.765,134.742,2232.384,331.056,107.942,499.899,118.023,2.003,56.393,107.713,286.519,616.199,285.361,170.551,208.446,7.971,405.853,1598.875,490.189,233.235,90.548,275.446,6.201,90.982,9.841,3.67,783.74,8.36,277.017,128.407,757.961,124.478,709.743,526.002,397.802,729.583,202.161,990.948,62.932,NA,NA,NA,NA,NA,NA,NA,NA,NA,NA,NA,NA,NA,NA,NA,NA,NA,NA,NA,NA
NCH1,NA,NA,NA,NA,NA,NA,NA,NA,NA,NA,NA,166.073,506.63,1138.025,NA,66.843,6.549,NA,NA,NA,NA,NA,NA,NA,NA,NA,NA,NA,NA,NA,NA,NA,NA,NA,NA,NA,448.633,473.44,1058.705,NA,NA,77.725,450.439,256.215,NA,NA,345.139,NA,NA,NA,NA,NA,17.944,NA,NA,NA,517.639,598.875,471.14,29.145,402.775,606.503,176.064,229.471,243.009,1.491,30.704,3.259,165.241,11.553,147.454,NA,9.755,NA,NA,389.755,826.378,NA,180.236,NA,NA,NA,NA,NA,NA,76.399,NA,NA,241.395,NA,NA,435.571,NA,142.353,119.791,22.053,708.391,77.559,235.933,0.226,424.934,691.856,1.351,110.396,40.54,527.917,94.018,34.643,NA,NA,NA,1641.4,56.864,167.879,211.487,113.384,NA,75.444,207.183,19.023,411.158,176.489,NA,1035.231,0.098,279.521,NA,NA,NA,NA,NA,NA,NA,NA,NA,NA,NA,NA,289.124,NA,NA,NA,NA,NA,NA,NA,NA,NA,NA,NA,NA,NA,NA,NA,NA,NA,NA,NA,NA,NA,NA,NA,NA,NA,NA,NA,NA,NA,NA,NA,NA,NA,NA,NA,NA,NA,NA,NA,NA,NA,NA,NA,NA,NA,NA,NA,NA,NA,NA,NA,NA,NA,NA,NA,243.171,NA,NA,NA,NA,NA,NA,NA,NA,NA,NA,NA,NA,NA,NA,NA,NA,NA,NA,NA,NA,NA,NA,NA,NA,NA,NA,NA,NA,NA,NA,NA,NA,NA,NA,NA,NA,NA,NA,NA,NA,NA,NA,NA,NA,NA,NA,NA,NA,NA,NA,NA,NA,NA,NA,NA,NA,NA,NA,NA,NA,NA,NA,NA,NA,NA,NA,NA,NA,NA,NA,NA,NA,NA,NA,NA,NA,NA,NA,NA,NA,NA,NA,3.531,NA,NA,NA,NA,NA,NA,NA,286.649,18.342,0.238,2.275,NA,39.643,0.949,NA,0.089,NA,241.714,4.944,14.651,NA,NA,3.888,0.611,191.44,4.391,12.94,NA,92.552,NA,NA,1017.653,50.622,74.708,NA,NA,0.384,NA,148.842,0.251,NA,NA,NA,NA,NA,NA,NA,NA,NA,NA,NA,NA,NA,NA,NA,NA,NA,NA,NA,NA,NA,NA,NA,NA,NA,NA,NA,NA,NA,NA,NA,NA,NA,NA,NA,NA,NA,NA,NA,NA,NA,NA,NA,NA,NA,NA,NA,NA,NA,NA,NA,NA,NA,NA
NEH3,NA,NA,NA,NA,NA,NA,NA,NA,NA,NA,NA,NA,57.433,NA,NA,106.986,10.725,NA,NA,NA,NA,NA,NA,NA,NA,NA,NA,NA,NA,NA,NA,NA,NA,NA,NA,NA,NA,NA,NA,NA,NA,NA,NA,NA,NA,NA,1220.405,NA,NA,NA,NA,NA,NA,NA,NA,NA,276.302,1776.745,NA,50.515,NA,NA,NA,NA,810.136,NA,NA,NA,NA,13.993,55.465,NA,NA,NA,NA,NA,NA,NA,93.48,NA,NA,NA,NA,NA,NA,32.433,NA,NA,NA,NA,NA,200.325,NA,275.932,NA,NA,0.019,NA,NA,NA,NA,NA,NA,NA,NA,NA,NA,NA,NA,NA,NA,1969.705,NA,NA,NA,43.591,NA,NA,NA,NA,2111.491,107.294,NA,NA,NA,NA,NA,NA,NA,NA,NA,NA,NA,NA,NA,NA,NA,NA,NA,NA,NA,102.501,36.312,105.6,NA,NA,NA,NA,NA,NA,NA,NA,NA,NA,NA,NA,NA,NA,NA,NA,7.2,18.334,15.734,1189.968,406.587,32.92,123.565,0.044,0.042,2170.286,169.197,101.666,NA,NA,NA,NA,NA,NA,33.193,142.861,859.243,950.48,1140.118,176.808,NA,6.227,365.725,55.5,443.721,808.944,223.486,1229.96,618.103,24.43,174.676,78.506,32.441,NA,NA,NA,NA,137.502,NA,3.143,386.968,902.519,496.177,76.492,3.65,60.828,NA,18.256,0.402,NA,1484.203,NA,NA,NA,NA,NA,NA,NA,NA,NA,NA,NA,NA,NA,NA,NA,NA,NA,NA,NA,NA,NA,NA,NA,NA,NA,NA,NA,158.665,NA,1439.775,151.01,199.186,100.271,722.567,58.021,0.011,771.103,15.415,838.604,NA,NA,NA,NA,NA,NA,621.757,432.936,18.232,271.718,244.417,281.88,791.203,1.462,1046.161,1813.234,NA,NA,NA,NA,NA,NA,NA,NA,NA,NA,NA,NA,NA,NA,NA,NA,NA,NA,NA,NA,NA,NA,NA,NA,NA,NA,NA,NA,NA,NA,NA,NA,NA,NA,NA,NA,NA,NA,NA,NA,NA,NA,NA,NA,NA,NA,NA,NA,NA,NA,NA,NA,NA,NA,NA,NA,NA,NA,NA,NA,NA,NA,NA,NA,NA,NA,NA,NA,NA,NA,NA,NA,NA,NA,NA,NA,NA,NA,NA,NA,NA,NA,NA,NA,NA,NA,NA,NA,NA,NA,NA,NA,NA,NA,NA,NA,NA,NA,NA,NA,NA,NA
NEH4,NA,NA,NA,NA,NA,NA,NA,NA,NA,NA,NA,NA,198.386,NA,NA,34.512,461.3,NA,NA,NA,NA,NA,NA,NA,NA,NA,NA,NA,NA,NA,NA,NA,NA,NA,NA,NA,NA,NA,NA,NA,NA,NA,NA,NA,NA,NA,208.757,NA,NA,NA,NA,NA,NA,NA,NA,NA,86.596,169.517,NA,20.729,NA,NA,NA,NA,83.2,NA,NA,NA,NA,34.262,46.59,NA,NA,NA,NA,NA,NA,NA,211.584,NA,NA,NA,NA,NA,NA,19.074,NA,NA,NA,NA,NA,1.092,NA,62.577,NA,NA,16.905,NA,NA,NA,NA,NA,NA,NA,NA,NA,NA,NA,NA,NA,NA,1.391,NA,NA,NA,42.204,NA,NA,NA,NA,293.511,198.477,NA,NA,NA,NA,NA,NA,NA,NA,NA,NA,NA,NA,NA,NA,NA,NA,NA,NA,NA,31.8,83.526,395.786,NA,NA,NA,NA,NA,NA,NA,NA,NA,NA,NA,NA,NA,NA,NA,NA,91.905,280.723,72.394,0.048,547.938,343.505,301.297,14.139,125.649,46.843,1.062,28.79,NA,NA,NA,NA,NA,NA,7.603,3.689,141.581,0.054,377.027,64.416,NA,182.966,119.689,101.038,5.217,271.915,186.311,45.419,209.675,64.962,16.263,18.67,64.415,NA,NA,NA,NA,126.665,NA,249.428,0.286,6.089,38.021,9.538,11.512,83.07,NA,0.456,7.271,NA,279.12,NA,NA,NA,NA,NA,NA,NA,NA,NA,NA,NA,NA,NA,NA,NA,NA,NA,NA,NA,NA,NA,NA,NA,NA,NA,NA,NA,79.25,NA,71.495,177.887,20.005,12.071,93.03,194.761,35.02,138.875,63.049,353.829,NA,NA,NA,NA,NA,NA,153.606,1.17,43.544,172.658,4.46,96.331,541.025,207.124,450.085,25.578,NA,NA,NA,NA,NA,NA,NA,NA,NA,NA,NA,NA,NA,NA,NA,NA,NA,NA,NA,NA,NA,NA,NA,NA,NA,NA,NA,NA,NA,NA,NA,NA,NA,NA,NA,NA,NA,NA,NA,NA,NA,NA,NA,NA,NA,NA,NA,NA,NA,NA,NA,NA,NA,NA,NA,NA,NA,NA,NA,NA,NA,NA,NA,NA,NA,NA,NA,NA,NA,NA,NA,NA,NA,NA,NA,NA,NA,NA,NA,NA,NA,NA,NA,NA,NA,NA,NA,NA,NA,NA,NA,NA,NA,NA,NA,NA,NA,NA,NA,NA,NA,NA
NYH1,84.561,75.459,241.26,18.386,228.029,75.1,211.89,335.129,3002.968,1087.832,0.846,NA,135.461,466.639,320.531,149.39,289.955,NA,192.054,999.526,494.538,1162.417,39.684,526.727,167.39,243.53,8.22,11.763,411.058,250.796,11.344,194.792,316.073,136.287,110.799,4.075,0.051,98.673,428.418,83.37,7.874,1324.782,84.639,151.722,100.883,131.442,629.298,61.126,932.365,30.559,2.125,734.671,NA,218.321,79.43,35.501,NA,NA,NA,NA,NA,NA,44.067,NA,NA,NA,NA,NA,NA,NA,NA,325.589,63.718,246.817,14.317,NA,363.161,47.515,678.6,0.182,18.339,79.782,622.001,638.827,192.838,131.064,18.982,5.801,35.044,3128.193,936.615,1734.888,154.103,703.454,NA,89.344,2839.52,NA,NA,NA,NA,NA,NA,NA,NA,NA,NA,NA,0.072,1730.249,0.429,NA,NA,NA,NA,185.399,NA,NA,NA,NA,NA,NA,124.818,4.998,NA,NA,27.64,770.947,348.522,1518.275,89.925,0.368,11.734,1200.761,52.762,1.892,26.59,18.689,34.489,NA,NA,NA,NA,NA,981.543,132.99,137.981,471.696,NA,960.798,399.477,701.125,1095.582,138.282,183.617,573.304,275.018,765.573,14.756,NA,NA,NA,NA,NA,NA,NA,NA,NA,NA,NA,NA,NA,1.514,27.343,251.029,181.272,1142.174,15.917,NA,NA,NA,NA,NA,NA,1199.209,NA,NA,NA,NA,NA,NA,NA,NA,NA,NA,NA,NA,NA,96.803,538.71,1.209,NA,6.1,342.897,NA,NA,NA,NA,NA,NA,1775.609,181.843,NA,29.507,NA,170.51,273.478,790.853,15.567,292.094,364.551,216.092,0.5,116.897,0.007,345.226,31.038,60.409,154.592,1.414,1149.449,533.159,34.989,53.817,7.507,560.02,0.575,239.561,998.806,432.908,1015.915,18.683,NA,NA,NA,NA,NA,NA,NA,NA,NA,NA,NA,NA,75.1,3.24,1304.258,1.537,178.206,348.536,NA,NA,NA,NA,NA,NA,NA,NA,NA,NA,579.596,5.597,162.661,NA,301.66,350.787,166.375,314.358,NA,NA,NA,NA,NA,NA,NA,NA,NA,NA,NA,NA,NA,NA,NA,NA,NA,NA,NA,NA,NA,NA,NA,NA,NA,NA,NA,NA,NA,NA,NA,NA,NA,NA,NA,NA,NA,NA,NA,NA,NA,NA,NA,NA,NA,NA,NA,NA,NA,NA,NA,NA,NA,NA,NA,NA,NA,NA,NA,NA,NA,NA,NA,NA,NA,NA,NA,NA,NA,NA,NA,NA,NA,NA,NA,NA,NA,NA,NA,NA,NA,NA,NA,NA,NA,NA,NA,NA,NA,NA,0,0,0,0
NYH2,12.605,329.348,28.863,328.94,109.774,152.065,442.678,242.9,445.74,18.978,0.435,NA,351.546,NA,207.209,8853.294,NA,NA,6.053,1.476,46.181,173.281,5.916,4.911,143.215,1162.994,428.022,0.17,247.806,37.386,177.99,16.24,333.242,20.316,139.511,627.378,583.034,52.848,3392.176,119.851,268.119,NA,3520.421,NA,123.957,16.242,1223.002,19.978,61.345,4.555,1340.847,1395.238,NA,1790.733,723.281,25.078,NA,NA,NA,1692.625,NA,NA,NA,NA,NA,NA,NA,NA,NA,NA,NA,4.362,1940.869,38.519,737.598,332.975,414.4,576.435,38.38,1497.5,3.482,828.783,17.694,0.062,613.663,NA,26.559,51.722,450.13,16.03,164.661,37.278,73.432,NA,32.02,665.738,37.229,NA,NA,NA,NA,NA,NA,NA,NA,NA,NA,NA,49.27,0.381,2481.81,NA,NA,NA,NA,37.545,NA,NA,NA,NA,NA,NA,275.878,NA,NA,NA,44.311,160.214,144.541,246.48,162.007,121.321,1.749,171.337,0.262,67.581,79.425,475.483,76.876,NA,NA,NA,NA,NA,829.272,163.203,248.751,47.218,NA,0.386,93.044,183.619,193.256,702.206,395.623,33.389,293.669,279.716,185.783,NA,NA,NA,NA,NA,NA,NA,NA,NA,NA,NA,NA,NA,1.839,57.886,593.214,156.232,719.876,723,NA,NA,NA,NA,NA,NA,241.499,NA,NA,NA,NA,NA,NA,NA,NA,NA,NA,NA,NA,NA,53.49,73.581,0.01,NA,1.615,0.08,NA,NA,NA,NA,NA,NA,1492.071,284.932,NA,615.392,NA,420.761,300.442,577.137,541.144,760.955,266.5,164.51,71.891,1629.761,11.475,7.044,1271.268,14.639,107.738,1206.623,566.353,0.007,45.193,6.811,0.002,39.07,452.868,97.712,65.98,271.691,1.818,2.825,NA,NA,NA,NA,NA,NA,NA,NA,NA,NA,NA,NA,619.136,1224.425,49.912,263.444,23.094,469.931,NA,NA,NA,NA,NA,NA,NA,NA,NA,NA,1150.938,8.188,145.388,NA,175.188,0.294,67.669,166.811,NA,NA,NA,NA,NA,NA,NA,NA,NA,NA,NA,NA,NA,NA,NA,NA,NA,NA,NA,NA,NA,NA,NA,NA,NA,NA,NA,NA,NA,NA,NA,NA,NA,NA,NA,NA,NA,NA,NA,NA,NA,NA,NA,NA,NA,NA,NA,NA,NA,NA,NA,NA,NA,NA,NA,NA,NA,NA,NA,NA,NA,NA,NA,NA,NA,NA,NA,NA,NA,NA,NA,NA,NA,NA,NA,NA,NA,NA,NA,NA,NA,NA,NA,NA,NA,NA,NA,NA,NA,NA,NA,0,NA,NA
OHH1,NA,201.769,787.002,2041.121,1.86,6205.298,31.03,290.251,570.571,914.03,2.351,188.372,164.521,821.4,886.528,0.253,490.706,NA,412.395,128.916,23.822,NA,NA,344.799,356.993,189.028,1280.091,649.955,37.47,NA,1734.428,245.427,NA,NA,721.069,1628.289,122.013,609.722,3.518,7.754,62.669,555.681,104.008,200.147,267.083,310.288,1543.714,165.86,18.817,NA,142.164,54.271,NA,898.921,40.076,39.339,NA,1396.727,NA,776.29,NA,NA,334.061,NA,1.115,NA,NA,NA,NA,456.705,189.24,456.946,713.635,363.232,7.325,2155.059,416.484,779.272,6.237,3025.351,NA,484.601,192.883,1765.165,1142.828,634.08,56.803,54.318,702.226,718.444,60.523,1327.68,319.405,1444.849,466.176,26.179,441.665,NA,NA,NA,NA,NA,NA,NA,NA,NA,NA,NA,874.366,162.077,937.523,888.463,NA,NA,NA,1615.121,NA,NA,NA,NA,478.871,9.204,87.865,1924.444,NA,NA,783.444,1112.909,NA,857.044,NA,NA,NA,9145.777,78.545,2971.632,3734.153,NA,283.402,201.301,NA,NA,NA,NA,NA,NA,NA,NA,NA,NA,NA,NA,NA,NA,NA,NA,NA,NA,NA,493.643,5306.934,255.245,66.692,97.874,828.672,180.753,204.586,223.573,49.707,1886.436,3230.948,0.357,NA,NA,NA,NA,NA,NA,275.13,1694.963,72.141,5751.803,0.042,38.307,NA,2719.887,5876.008,3761.017,23.54,3044.441,529.972,553.167,2.194,124.841,405.584,12.492,571.904,93.873,NA,NA,NA,374.645,NA,324.807,817.882,163.856,3768.354,177.786,2932.318,440.351,NA,2022.374,75.659,NA,64.225,NA,NA,NA,NA,NA,NA,NA,NA,NA,NA,NA,NA,NA,NA,NA,NA,NA,NA,NA,NA,NA,NA,NA,NA,NA,NA,NA,587.249,756.09,984.355,1314.973,26.405,805.787,1014.259,132.871,877.874,228.282,1237.855,161.645,NA,NA,NA,NA,NA,NA,943.475,485.86,158.057,4747.226,64.397,4773.851,1637.457,498.017,NA,22.435,NA,NA,NA,NA,NA,NA,NA,901.433,119.157,33.548,NA,NA,NA,NA,NA,NA,NA,NA,NA,NA,NA,NA,NA,NA,NA,NA,NA,NA,NA,NA,NA,NA,NA,NA,NA,NA,NA,NA,NA,NA,NA,NA,NA,NA,NA,NA,NA,NA,NA,NA,NA,NA,NA,NA,NA,NA,NA,NA,NA,NA,NA,NA,NA,NA,NA,NA,NA,NA,NA,NA,NA,NA,NA,NA,NA,NA,NA,NA,NA,NA,NA,NA,NA,NA,NA,NA,NA,NA,NA,NA,NA,NA,NA,NA,NA,NA,NA,NA,NA,NA,NA,NA
TXH2,NA,NA,NA,NA,NA,11.265,NA,NA,NA,NA,NA,948.821,573.703,1074.631,79.627,1959.36,1392.199,163.463,NA,NA,NA,NA,NA,NA,NA,NA,NA,NA,NA,NA,NA,NA,NA,NA,NA,NA,2.123,115.695,271.662,NA,NA,807.262,1.422,305.691,NA,NA,508.154,NA,NA,NA,NA,NA,988.484,NA,NA,NA,3.2,15.667,646.634,1.599,2264.883,206.583,126.546,165.157,91.756,1.266,4.983,247.584,1.838,45.884,997.613,NA,124.323,NA,NA,41.753,480.133,NA,819.385,NA,NA,NA,NA,NA,NA,593.831,NA,NA,3237.162,NA,NA,115.369,NA,2632.809,2.605,12.543,2095.062,27.236,351.732,365.852,302.876,0.538,352.034,429.248,251.295,464.573,8.185,1710.004,NA,NA,NA,63.315,283.47,165.992,103.846,4.666,NA,802.418,248.236,1.675,849.786,1151.363,NA,183.464,969.652,14.433,NA,NA,NA,NA,NA,NA,NA,NA,NA,NA,NA,NA,708.801,924.774,159.128,198.777,214.036,58.952,NA,NA,NA,NA,NA,NA,NA,NA,NA,NA,NA,NA,NA,NA,NA,NA,NA,NA,NA,NA,NA,NA,NA,NA,NA,NA,NA,NA,NA,NA,NA,NA,NA,NA,NA,NA,NA,NA,NA,NA,NA,NA,NA,NA,NA,NA,NA,NA,NA,NA,28.603,NA,NA,NA,NA,NA,NA,NA,NA,NA,NA,NA,NA,NA,NA,NA,NA,NA,NA,NA,NA,NA,NA,NA,NA,NA,NA,NA,NA,NA,NA,NA,NA,NA,NA,NA,NA,NA,NA,NA,NA,NA,NA,NA,NA,NA,NA,NA,NA,NA,NA,NA,NA,NA,NA,NA,NA,NA,NA,NA,NA,NA,NA,NA,NA,NA,NA,NA,NA,NA,NA,NA,NA,NA,60.114,NA,NA,NA,NA,NA,NA,NA,NA,1196.418,NA,NA,26.591,0.111,39.871,NA,NA,NA,NA,NA,NA,NA,NA,NA,NA,NA,NA,NA,NA,NA,NA,NA,NA,NA,NA,NA,NA,NA,NA,NA,NA,NA,NA,NA,NA,NA,NA,NA,NA,NA,NA,NA,NA,NA,NA,NA,NA,NA,NA,NA,NA,NA,NA,NA,NA,NA,NA,NA,NA,NA,NA,NA,NA,NA,NA,NA,NA,NA,NA,NA,NA,NA,NA,NA,NA,NA,NA,NA,NA,NA,NA,NA,NA,NA,NA,NA,NA,NA,NA,NA,NA,NA,NA,NA
WIH1,NA,NA,NA,272.177,23.438,14.995,NA,NA,NA,399.102,NA,127.792,705.31,NA,NA,2406.045,297.619,NA,NA,NA,133.272,NA,NA,294.317,272.077,462.573,60.705,0.284,59.236,NA,NA,80.074,NA,NA,1123.737,NA,1229.935,3154.886,1286.175,NA,921.795,NA,309.448,NA,204.355,247.717,72.443,NA,NA,NA,700.042,NA,NA,439.733,10.744,NA,122.509,37.239,NA,710.994,NA,NA,103.421,NA,0.787,NA,NA,NA,NA,20.625,127.318,130.136,28.636,64.602,263.173,NA,79.858,25.091,NA,154.172,NA,827.557,NA,650.614,7.118,54.643,NA,45.445,624.132,NA,858.138,103.477,140.255,NA,NA,1037.345,20.879,NA,NA,NA,NA,NA,NA,NA,NA,NA,NA,NA,508.277,193.511,137.173,620.288,NA,NA,NA,238.197,NA,NA,NA,NA,190.192,2611.484,NA,1027.799,NA,NA,149.872,62.699,NA,NA,NA,NA,NA,2.944,43.897,171.785,NA,NA,3.017,302.343,920.811,170.181,75.998,1376.368,120.954,321.994,846.971,169.772,43.872,0.878,4.495,74.902,0,2662.305,822.136,238.442,0.115,42.668,828.98,NA,36.783,2288.072,100.678,2011.496,3.55,1366.218,353.799,2961.817,4410.645,134.519,47.838,368.315,1330.067,62.091,NA,805.236,229.046,2.519,331.944,14.524,18.018,189.264,568.246,95.134,90.899,217.164,790.123,33.771,254.604,14.507,36.246,179.954,12.205,194.892,12.754,109.642,32.887,NA,8.601,20.197,143.201,327.565,489.352,74.669,155.915,135.234,71.579,250.687,1491.786,38.75,410.742,1359.142,688.828,111.714,1193.138,92.091,6.937,1700.342,198.573,494.314,768.569,2654.66,70.954,687.931,392.333,2.63,996.642,1372.442,2.816,136.397,143.039,2985.992,29.415,8.578,5.63,335.412,17.06,0.547,67.021,2.062,92.993,134.348,9.095,338.005,24.103,197.9,450.01,5.086,90.682,14.495,1442.906,64.757,83.482,0.995,1138.168,40.583,83.483,1368.506,226.559,38.007,11.182,218.084,809.441,2410.284,1556.084,419.163,1005.728,203.83,84.19,167.873,2975.72,48.695,127.842,305.37,48.147,635.413,52.254,638.065,NA,NA,1153.543,159.135,NA,NA,332.405,23.209,5.053,56.788,59.641,1044.178,190.273,893.11,1060.983,245.277,397.265,176.402,112.865,132.591,395.922,1316.8,156.209,553.806,1189.549,91.578,121.552,NA,32.52,212.896,125.921,550.222,13.747,280.603,15.915,30.802,79.77,935.792,345.447,74.016,NA,NA,NA,NA,NA,NA,NA,NA,NA,NA,NA,NA,NA,NA,NA,NA,NA,NA,NA,NA,NA,NA,NA,NA,NA,NA,NA,NA,NA,NA,NA,NA,NA,NA,NA,NA,NA,NA,NA,NA,NA,NA,NA,NA,NA,NA,NA,NA,NA,NA,NA,NA,NA,NA
WIH2,NA,NA,NA,NA,37.612,172.169,NA,NA,NA,666.973,NA,1196.328,3119.733,NA,NA,221.439,0.764,NA,NA,NA,44.389,NA,NA,0.804,4.861,182.853,291.237,240.992,39.243,NA,NA,1040.92,NA,NA,224.124,NA,623.033,11.991,320.881,NA,8.737,NA,1376.478,NA,0.618,4.845,91.708,NA,NA,NA,18.923,NA,NA,67.146,289.047,NA,189.758,19.518,NA,115.478,NA,NA,79.153,NA,37.848,NA,NA,NA,NA,55.304,95.63,34.16,0.542,29.379,18.188,NA,38.701,529.048,NA,377.751,NA,46.273,NA,243.539,5.005,28.22,NA,322.532,25.063,NA,575.172,135.925,NA,NA,NA,45.932,0.599,NA,NA,NA,NA,NA,NA,NA,NA,NA,NA,NA,43.741,19.604,160.659,223.634,NA,NA,NA,0.615,NA,NA,NA,NA,597.802,284.038,NA,42.989,NA,NA,98.444,106.702,NA,NA,NA,NA,NA,608.651,150.168,10.897,NA,NA,2322.314,193.9,280.96,456.937,590.353,2.077,192.641,20.716,159.934,228.588,57.609,3.058,75.64,6.242,18.135,1355.546,19.991,0.749,83.87,67.32,39.218,NA,614.071,225.216,6.455,78.76,588.398,110.171,118.812,50.754,575.81,284.594,1636.992,79.207,2.746,93.878,NA,1088.218,5.865,0.487,367.451,88.74,38.95,47.845,30.29,21.862,647.547,2.674,1761.997,14.827,953.907,287.501,5.167,180.167,33.967,112.73,1963.558,16.722,21.253,NA,101.131,0.025,139.517,470.149,105.819,277.625,778.07,515.886,3119.578,937.688,234.816,9.595,525.842,348.472,236.07,68.108,260.591,185.136,33.791,133.566,39.986,105.346,318.336,183.026,72.715,1224.906,56.681,0.595,114.225,15.859,12.226,1.839,14.431,433.979,60.275,18.211,0.023,0.004,0.026,56.427,19.251,186.403,31.906,6.596,13.67,81.485,163.907,0.009,57.101,255.183,26.356,64.886,299.59,200.583,584.992,131.608,844.214,62.258,48.964,62.762,122.671,46.155,41.372,582.669,342.242,3.393,2.743,16.53,625.024,60.915,34.213,82.148,560.741,177.965,556.626,1.285,99.996,0.002,10.106,70.395,NA,NA,215.263,13.788,NA,NA,NA,NA,NA,NA,NA,NA,NA,NA,NA,NA,NA,NA,NA,NA,NA,NA,NA,NA,NA,NA,NA,NA,NA,NA,NA,NA,NA,NA,NA,NA,NA,NA,NA,NA,70.279,50.783,679.243,32.222,57.693,136.41,0.268,390.402,943.064,461.019,189.634,241.369,247.735,1196.532,75.15,348.16,256.37,50.42,91.242,615.736,487.874,387.879,68.759,847.569,133.934,3.04,8.44,543.238,661.181,520.916,579.359,77.35,2.413,129.214,NA,NA,NA,NA,NA,NA,NA,0,0,0,0,0,0,0,0,0,NA,NA,NA,NA
