line_code,ARH1,COH1,GAH2,GAH1,NYH1,NCH1,ARH2,MNH1,MOH1,IAH2,OHH1,MIH1,NYH2,DEH1,IAH4,WIH2,IAH1,WIH1,IAH3
2FACC/3IIH6,90.75,NA,NA,NA,109.7,NA,NA,NA,NA,NA,NA,NA,176.175,NA,NA,NA,NA,NA,NA
6F629/3IIH6,103.66,NA,NA,NA,145.28,NA,149.55,NA,NA,NA,155.42,180.71,203.095,NA,NA,NA,NA,NA,NA
A632/3IIH6,75.725,NA,NA,NA,128.175,NA,141.515,NA,NA,114.535,175.535,115.035,169.015,NA,172.13,NA,171.09,NA,214.95
A634/3IIH6,85.97,NA,NA,NA,115.11,NA,165.415,NA,NA,108.44,88.935,141.555,163.055,115.97,160.465,NA,151.14,141.27099155,194.385
A635/3IIH6,115.845,NA,NA,NA,141.455,NA,148.425,NA,89.765,129.355,151.575,149.77,171.755,134.64,181.44,174.8391467,167.31,179.2811754,191.84
A679/3IIH6,72.065,NA,NA,NA,124.595,NA,155.23,NA,154.69,165.53,77.37,186.985,187.13,175.24,199.285,174.1994962,184.88,200.8581124,221.265
A680/3IIH6,65.42,NA,NA,NA,141.01,NA,171.32,NA,NA,NA,180.27,NA,176.04,NA,NA,NA,NA,NA,NA
AH83/3IIH6,NA,NA,NA,NA,58.81,NA,NA,NA,NA,NA,NA,NA,NA,NA,NA,NA,NA,NA,NA
B104/3IIH6,76.385,NA,NA,NA,150.675,NA,115.785,NA,NA,213.775,208.94,199.805,203.935,NA,NA,NA,NA,NA,NA
B109/3IIH6,70.255,NA,NA,NA,191.095,NA,141.395,NA,NA,165.7,191.665,168.675,161.27,NA,190.575,NA,209.61,NA,211.805
B110/3IIH6,80.77,NA,NA,NA,173.165,NA,132.675,NA,193.77,201.09,212.3,155.04,197.14,166.475,230.07,188.71274555,223.365,244.5823453,245.805
B111/3IIH6,NA,NA,NA,NA,150.985,NA,NA,NA,NA,NA,NA,NA,201.41,NA,NA,NA,NA,NA,NA
B119/3IIH6,138.575,NA,NA,NA,151.11,NA,130.045,NA,NA,NA,178.405,203.45,189.055,NA,NA,NA,NA,NA,NA
B14A/H95,79.685,84.7425,164.285,84.45,NA,146.3,156.795,141.99,171.04,155.23,169.655,147.02,NA,93.31,166.685,147.0398546,193.965,200.8986999,246.005
B14A/MO17,76.915,82.445,144.385,140.74,143.145,166.2,131.555,192.27,168.285,139.3,182.33,155.315,168.38,142.295,173.455,254.8159159,206.575,234.6510469,253.16
B14A/OH43,NA,94.9675,94.595,125.635,NA,NA,NA,169.36,207.055,142.255,NA,NA,NA,133.975,177.375,174.0013288,185,230.13721595,259.1
B37/H95,NA,78.7825,127.02,97.98,NA,NA,NA,126.305,146.77,NA,NA,NA,NA,173.615,139.01,138.38061835,NA,179.8469315,NA
B37/MO17,141.925,NA,NA,98.975,102.13,160.32,118.735,NA,NA,NA,161.29,NA,NA,NA,NA,NA,NA,NA,NA
B37/OH43,NA,NA,81.56,NA,NA,NA,NA,NA,NA,NA,NA,NA,NA,NA,NA,NA,NA,NA,NA
B73/3IIH6,76.51,NA,NA,NA,142.82,NA,126.945,NA,NA,219.47,140.155,185.145,205.205,NA,NA,NA,207.81,NA,NA
B73/MO17,NA,91.0325,109.02,113.105,NA,NA,NA,160.005,151.715,168.55,NA,NA,NA,228.115,170.1075,224.34973285,208.065,218.7435545,212.995
B73/PHM49,NA,82.7325,146.94,132.92,NA,NA,NA,149.875,178.81,NA,NA,NA,NA,NA,179.755,216.85067115,NA,263.22334235,NA
B73/PHN82,96.45,93.0375,163.545,149.05,157.985,166.195,144.725,199.405,194.8,195.875,184.485,178.005,107.62,192.03,202.8725,198.7322485,211.05,271.85010865,279.185
B73/PHZ51,101.97,82.9025,162.0525,139.23,110.005,139.87,138.585,158.205,134.58,156.505,136.93,176.98,NA,177.015,184.89,183.05409635,195.69,208.882300925,241.9675
B73/TX6252,113.765,105.02,NA,60.065,NA,NA,NA,NA,NA,179.51,NA,NA,NA,159.58,177.88,NA,179.335,NA,195.41
B84/3IIH6,137.79,NA,NA,NA,128.895,NA,184.08,NA,NA,130.55,149.16,149.215,184.32,NA,NA,NA,215.745,NA,216.39
B97/PHB47,NA,NA,112.165,101.13,NA,NA,NA,NA,174.29,NA,NA,NA,NA,NA,NA,NA,NA,NA,NA
BGEM-0005-N/LH195,NA,NA,82.525,NA,NA,NA,NA,132.995,112.85,NA,NA,NA,NA,NA,166.98,NA,148.24,134.0962113,169.355
BGEM-0063-N/LH195,NA,NA,145.475,NA,NA,127.445,NA,186.695,142.25,150.285,NA,NA,NA,NA,180.22,NA,214.685,200.85162675,239.84
BGEM-0089-N/LH195,NA,NA,124.11,NA,NA,134.145,NA,115.5,110.76,180.475,NA,NA,NA,NA,176.305,NA,146.145,159.22689685,170.82
BGEM-0124-N/LH195,NA,NA,119.625,NA,NA,118.6275,NA,119.24,126.386666666667,119.342,NA,NA,NA,NA,142.618333333333,NA,144.568333333333,158.583006333333,169.085
BGEM-0151-N/LH195,NA,NA,101.215,NA,NA,117.25,NA,133.37,129.35,134.13,NA,NA,NA,NA,131.84,NA,159.13,171.9367646,191.5
BGEM-0182-N/LH195,NA,NA,131.51,NA,NA,NA,NA,124.27,139.79,142,NA,NA,NA,NA,180.855,NA,190.29,156.6521855,239.86
BGEM-0202-N/LH195,NA,NA,149.505,NA,NA,133.755,NA,110.53,143.67,181.14,NA,NA,NA,NA,195.07,NA,195.905,176.5806847,211.06
BGEM-0203-N/LH195,NA,NA,102.95,NA,NA,106.73,NA,95.245,114.065,121.02,NA,NA,NA,NA,126.655,NA,164.54,170.53741675,122.605
BGEM-0206-N/LH195,NA,NA,143.07,NA,NA,NA,NA,87.755,123.66,NA,NA,NA,NA,NA,168.445,NA,NA,178.28623795,125.3
BGEM-0207-N/LH195,NA,NA,133.215,NA,NA,124.9,NA,92.62,145.9,NA,NA,NA,NA,NA,166.63,NA,NA,145.18228655,184.5
BGEM-0211-N/LH195,NA,NA,148.03,NA,NA,NA,NA,107.95,137.21,153.625,NA,NA,NA,NA,167.415,NA,199.49,158.9312777,205.665
BGEM-0227-N/LH195,NA,NA,113.745,NA,NA,146.33,NA,98.82,175.23,137.93,NA,NA,NA,NA,154.725,NA,169.715,147.2962671,173.43
BGEM-0235-N/LH195,NA,NA,132.22,NA,NA,150.44,NA,151.475,143.955,201.535,NA,NA,NA,NA,206.075,NA,227.235,207.6541737,242.975
BGEM-0239-N/LH195,NA,NA,131.41,NA,NA,150.84,NA,170.665,148.77,160.485,NA,NA,NA,NA,177.635,NA,179.59,174.4583356,212.555
BGEM-0246-N/LH195,NA,NA,152.05,NA,NA,NA,NA,82.02,149.4,182.42,NA,NA,NA,NA,176.89,NA,184.305,215.41023375,221.955
BGEM-0256-N/LH195,NA,NA,123.69,NA,NA,NA,NA,99.92,110.005,163.11,NA,NA,NA,NA,166.14,NA,177.92,134.1954624,210.325
BGEM-0259-N/LH195,NA,NA,133.54,NA,NA,131.64,NA,144.345,117.915,159.79,NA,NA,NA,NA,171.37,NA,136.79,181.65035505,192.67
BSSSC0_001/3IIH6,85.42,NA,NA,NA,72.1,NA,118.35,NA,NA,146.625,151.435,147.315,158.165,NA,153.11,NA,169.885,NA,202.985
BSSSC0_002/3IIH6,79.795,NA,NA,NA,128.275,NA,127.6,NA,98.6,111.955,129.835,151.835,154.815,158.865,129.285,163.6120613,180.09,152.29773375,191.615
BSSSC0_005/3IIH6,138.91,NA,NA,NA,75.72,NA,NA,NA,NA,NA,NA,NA,109.995,NA,NA,NA,NA,NA,NA
BSSSC0_008/3IIH6,85.775,NA,NA,NA,118.76,NA,NA,NA,NA,NA,NA,NA,146.31,NA,NA,NA,NA,NA,NA
BSSSC0_012/3IIH6,184.48,NA,NA,NA,118.29,NA,137.46,NA,133.545,104.65,145.355,133.78,172.23,181.935,211.64,180.6124869,188.175,204.11649285,213.33
BSSSC0_015/3IIH6,61.84,NA,NA,NA,126.1,NA,124.48,NA,154.57,159.03,170.41,164.3,157.34,159.29,180.295,183.4547409,183.665,173.97295945,226.565
BSSSC0_017/3IIH6,112.305,NA,NA,NA,88.8,NA,116.32,NA,104.725,127.555,143.4,83.655,175.465,91.31,142.325,135.70117455,149.67,176.79843445,192.23
BSSSC0_020/3IIH6,84.095,NA,NA,NA,98.69,NA,125.21,NA,NA,132.625,96.03,135.175,166.53,129.685,141.655,172.3267811,165.67,170.32288885,188.62
BSSSC0_024/3IIH6,88.325,NA,NA,NA,109.535,NA,142.815,NA,117.04,120.725,167.63,149.175,156.08,126.83,143.795,180.2750668,168.285,171.2291196,186.545
BSSSC0_026/3IIH6,92.695,NA,NA,NA,139.515,NA,137.115,NA,139.925,145.745,150.73,132.56,190.04,153.8,173.245,179.74521175,193.4,202.7452215,241.155
BSSSC0_029/3IIH6,106.12,NA,NA,NA,144.55,NA,NA,NA,NA,NA,NA,NA,143.065,NA,NA,NA,NA,NA,NA
BSSSC0_038/3IIH6,120.52,NA,NA,NA,127.505,NA,123.47,NA,NA,NA,89.62,159.31,147.915,NA,NA,NA,NA,NA,NA
BSSSC0_054/3IIH6,114.865,NA,NA,NA,81.35,NA,148.51,NA,48.575,82.6,79.595,87.215,91.21,75.045,112.595,62.96236813,85.72,86.26624007,120.835
BSSSC0_057/3IIH6,119.525,NA,NA,NA,109.005,NA,123.935,NA,NA,NA,NA,NA,184.86,NA,NA,NA,NA,NA,NA
BSSSC0_060/3IIH6,93.64,NA,NA,NA,145.585,NA,NA,NA,NA,NA,NA,NA,182.04,NA,NA,NA,NA,NA,NA
CG102/3IIH6,129.045,NA,NA,NA,153.915,NA,129.965,NA,142.8,159.265,203.615,164.25,204.055,197.22,192.94,217.60626795,213.71,244.17843705,228.6
CG106/3IIH6,85,NA,NA,NA,114.32,NA,145.115,NA,NA,NA,103.51,141.175,183.55,NA,NA,NA,NA,NA,NA
CG118/CGR01,NA,83.91,NA,NA,76.4,NA,NA,156.64,NA,163.28,NA,143.225,188.96,NA,146.47,157.436612,NA,168.9265537,NA
CG120/3IIH6,NA,84.5825,NA,NA,130.495,NA,NA,148.67,NA,156.065,NA,164.36,158.535,NA,156.245,177.8935017,NA,208.98335125,NA
CG120/LH162,NA,106.7775,NA,NA,103.285,NA,NA,127.535,NA,135.805,NA,119.605,144.11,NA,130.215,143.81515765,NA,104.25051479,NA
CG120/LH185,NA,112.673333333333,NA,NA,111.84,NA,NA,161.92,NA,178.065,NA,201.465,190.645,NA,152.68,179.3356547,NA,215.7285317,NA
CG120/PHK05,NA,73,NA,NA,NA,NA,NA,125.635,NA,127.165,NA,105.06,NA,NA,113.77,145.97202705,NA,151.0196881,NA
CG120/PHR25,NA,103.0875,NA,NA,74.86,NA,NA,129.175,NA,156.655,NA,121.13,140.17,NA,133.095,149.97077345,NA,154.89483095,NA
CG120/PHZ51,NA,81.0066666666667,NA,NA,72.065,NA,NA,109.77,NA,136.545,NA,117.3,133.365,NA,113.78,121.7579493,NA,133.53396995,NA
CG123/S8324,NA,136.8175,NA,NA,106.305,NA,NA,127.82,NA,177.95,NA,167.455,185.045,NA,154.755,177.23029375,NA,194.73860695,NA
CG124/CG120,NA,103.1825,NA,NA,80.845,NA,NA,163.185,NA,137.245,NA,149.26,172.57,NA,149.03,163.9230786,NA,175.52595395,NA
CG124/LH145,NA,80.405,NA,NA,113.545,NA,NA,138.02,NA,108.165,NA,113.32,158.305,NA,88.96,101.3737405,NA,194.7176019,NA
CG124/PHHV4,NA,91.7925,NA,NA,130.5,NA,NA,154.83,NA,118.84,NA,147.47,191.765,NA,138.755,188.0291602,NA,221.2483466,NA
CG124/PHRE1,NA,86.855,NA,NA,143.555,NA,NA,142.545,NA,137.86,NA,149.135,173.185,NA,153.555,176.70792855,NA,200.86175275,NA
CG124/S8324,NA,119.0125,NA,NA,113.71,NA,NA,143.915,NA,165.79,NA,163.9,178.425,NA,142.465,158.7231099,NA,173.30924935,NA
CG44/CGR01,111.275,100.545,117.055,30.305,110.125,98.865,157.375,126.905,137.085,151.065,151.63,133.22,178.755,121.255,158.855,188.98388675,127.315,206.35989305,198.23
CG60/LH162,43.92,82.49,109.99,21.085,74.0033333333333,70.59,156.27,117.27,72.61,123.0575,134.86,101.625,129.605,NA,135.53,133.9659757,124.035,80.638972945,147.09
CG60/LH185,NA,113.0525,NA,NA,86,NA,NA,130.885,NA,159.33,NA,119.66,165.55,NA,140.155,164.5083753,NA,155.5432684,NA
CG60/LH82,NA,106.676666666667,NA,NA,127.87,NA,NA,134.19,NA,142.345,NA,130.425,161.655,NA,169.9,159.3914645,NA,128.27663485,NA
CGR01/LH82,NA,127.1,128.18,NA,NA,NA,NA,NA,NA,NA,181.655,NA,NA,136.54,NA,NA,NA,NA,NA
CGR03/CG108,137.86,101.01,59.96,50.83,132.945,89.725,163.855,142.85,148.74,134.42,145.355,122.935,216.21,113.065,177.855,185.60617075,158.075,211.06256045,196.555
CO258/3IIH6,118.12,NA,NA,NA,148.63,NA,169.98,NA,NA,138.64,154.845,136.045,168.835,NA,NA,NA,163.31,NA,NA
DKFBHJ/3IIH6,96.925,NA,NA,NA,128.265,NA,129.695,NA,142.575,153.825,154.01,151.76,172.04,160.465,149.69,165.04676625,161.7,136.68912425,194.535
F42/H95,82.87,NA,NA,115.85,165.565,145.9,142.56,NA,NA,NA,130.28,133.32,NA,NA,NA,NA,NA,NA,NA
F42/MO17,56.395,103.41,151.74,171.835,122.87,164.895,138.08,170.18,165.075,134.615,178.445,184.93,125.695,188.555,166.83,233.39392265,219.6,222.578612,221.25
F42/OH43,115.85,NA,NA,83.57,136.57,147.085,157.48,NA,NA,NA,131.39,157.245,NA,NA,NA,NA,NA,NA,NA
FBLA/3IIH6,94.87,NA,NA,NA,140.72,NA,144.38,NA,166.67,136.56,164.375,165.015,144.95,166.39,130.98,160.70223115,162.42,151.3641378,181.265
FR19/3IIH6,130.675,NA,NA,NA,109.69,NA,131.15,NA,110.38,132.205,157.87,115.99,145.085,105.45,149.285,157.2639269,171.88,175.39218255,175.47
GEMN-0268/3IIH6,66.145,107.7375,119.39,87.65,103.315,159.79,129.33,156.09,176.54,170.955,207.64,199.81,151.91,228.38,191.0525,189.74458835,196.76,217.4334573,232.955
GEMN-0269/3IIH6,NA,NA,155.21,NA,NA,157.065,NA,157.56,163.005,156.54,NA,NA,NA,NA,188.005,NA,187.505,217.90109215,202.935
H122W/3IIH6,114.94,NA,NA,NA,120.635,NA,123.615,NA,NA,NA,166.25,NA,169.4,NA,NA,NA,NA,NA,NA
H84/3IIH6,76.06,NA,NA,NA,161.365,NA,137.28,NA,NA,166.515,169.23,160.215,188.525,192.44,186.545,NA,194.925,NA,200.175
H91/3IIH6,70.71,NA,NA,NA,127.72,NA,NA,NA,NA,NA,NA,NA,196.52,NA,NA,NA,NA,NA,NA
I159/3IIH6,96.485,NA,NA,NA,112.755,NA,169.785,NA,107.34,111.005,127.445,100.36,187.655,144.515,169.59,154.52046365,167.91,138.4579438,192.42
ICI 441/LH123HT,NA,100.4225,NA,NA,NA,NA,NA,NA,199.39,225.28,121.665,NA,NA,250.335,260.09,203.18904775,245.41,244.40581065,262.58
ICI 441/LH185,NA,134.9175,NA,NA,NA,NA,NA,NA,176.085,205.22,200.94,NA,NA,224.7,223.015,225.96938295,237.03,171.1879882,220.085
ICI 441/LH38,NA,105.4975,NA,NA,NA,NA,NA,NA,175.5,197.62,174.63,NA,NA,173.02,198.935,194.03631785,215.83,189.22172105,214.71
ICI 441/LH51,NA,110.5575,NA,NA,NA,NA,NA,NA,161.57,154.6,171.895,NA,NA,208.86,208.93,195.7788601,208.39,149.77423795,176.82
ICI 441/LH82,NA,132.325,NA,NA,NA,NA,NA,NA,200.385,162.11,202.685,NA,NA,168.275,215.975,171.61419865,192.765,200.7985283,244.615
ICI 441/PHG29,NA,117.0275,NA,NA,NA,NA,NA,NA,152.54,169.155,169.09,NA,NA,178.25,192.34,187.2001293,165.2,146.26965465,190.765
ICI 441/PHG47,NA,115.0725,NA,NA,NA,NA,NA,NA,183.655,197.245,182.54,NA,NA,163.88,196.63,200.93091885,194.145,177.977522,210.88
ICI 441/PHG83,NA,57.655,NA,NA,NA,NA,NA,NA,112.955,156.915,102.695,NA,NA,122.025,155.835,127.6562739,138.445,85.669227395,138.72
ICI 441/PHK56,NA,106.5425,NA,NA,NA,NA,NA,NA,183.825,191.695,173.8,NA,NA,169.3,217.845,213.90489815,213.215,130.6755647,200.215
ICI 441/PHN82,NA,100.2025,NA,NA,NA,NA,NA,NA,163.69,174.205,129.445,NA,NA,180.76,231.605,212.9493766,197.705,214.87016905,215.6
ICI 441/PHZ51,NA,118.1025,NA,NA,NA,NA,NA,NA,182.745,179.795,96.94,NA,NA,177.75,205.075,132.1439112,192.165,171.5221027,195.135
ICI 441/Q381,NA,106.2825,NA,NA,NA,NA,NA,NA,137.62,155.795,152.015,NA,NA,178.74,182.67,183.02857225,193.6,161.60716485,196.8
ILL.HY/3IIH6,103.97,NA,NA,NA,83.19,NA,140.78,NA,NA,126.53,147.98,87.92,192.03,NA,NA,NA,163.93,NA,NA
LAMA2002-58-3-B-B-B-B-B-B-1-B19-B18-B22/LH195,144.44,50.6933333333333,NA,126.325,NA,151.32,NA,NA,NA,199.355,NA,NA,NA,203.86,215.97,NA,230.275,NA,252.07
LH132/LH51,NA,NA,NA,NA,NA,NA,NA,NA,NA,NA,NA,NA,NA,NA,182.335,NA,NA,NA,NA
LH145/3IIH6,66.12,85.2575,NA,NA,117.0775,NA,134.02,123.455,NA,127.3125,95.76,92.8825,178.9325,NA,158.2225,135.72008745,130.295,170.5176669,158.4
LH145/LH162,NA,76.92,NA,NA,99.95,NA,NA,123.59,NA,123.295,NA,115.72,118.53,NA,143.26,118.919042705,NA,86.73169908,NA
LH145/PHR25,NA,86.9475,NA,NA,102.805,NA,NA,128.335,NA,155.72,NA,136.215,161.595,NA,144.095,154.0723694,NA,179.18556465,NA
LH149/3IIH6,73.255,NA,NA,NA,126.83,NA,137.23,NA,124.23,152.215,155.65,165.97,190.78,155.925,183.08,156.6628136,163.875,184.48888505,196.095
LH185/LH145,NA,139.72,NA,NA,174.245,NA,NA,NA,NA,151.67,NA,181.58,206.745,NA,169.04,NA,NA,NA,NA
LH185/PHRE1,NA,112.32,NA,NA,145.2,NA,NA,137.555,NA,151.86,NA,164.595,151.475,NA,174.37,137.84356635,NA,204.50111155,NA
LH185/S8324,NA,138.303333333333,NA,NA,107.08,NA,NA,150.655,NA,181.04,NA,182.925,206.365,NA,165.115,190.17933475,NA,178.9701581,NA
LH195/3IIH6,116.415,NA,NA,NA,148.215,NA,137.43,NA,NA,NA,177.48,185.81,179.63,NA,NA,NA,NA,NA,NA
LH195/CGR01,NA,130.245,NA,NA,151.14,NA,NA,197.64,NA,172.36,NA,192.615,163.97,NA,198.24,199.1564087,NA,205.91175695,NA
LH195/LH123HT,125.105,82.53,NA,168.365,NA,135.875,130.96,NA,180.99,211.61,NA,NA,NA,221.605,249.75,234.7333098,251.8075,242.3252206,232.7775
LH195/LH185,114.89,100.846666666667,NA,144.07,NA,138.06,188.685,NA,232.175,181.76,230.2,NA,NA,231.75,233.125,222.98394295,238.3925,232.0176302,257.1675
LH195/LH210,82.19,NA,NA,185.705,NA,187.72,139.93,NA,NA,NA,NA,NA,NA,NA,NA,NA,231.92,NA,248.55
LH195/LH38,NA,99.1125,NA,NA,NA,NA,NA,NA,178.3,185.325,149.935,NA,NA,179.925,186.255,209.55145055,210.2,179.5598901,203.32
LH195/LH51,NA,98.6875,NA,NA,NA,NA,NA,NA,156.305,151.125,124.95,NA,NA,233.73,198.64,202.95468635,221.795,198.2220178,200.54
LH195/LH82,90.91,110.9525,NA,145.96,NA,133.27,126.68,NA,150.065,172.26,188.165,169.81,133.935,153.6,174.0325,174.24736435,200.725,219.3119886,213.1075
LH195/PHG29,NA,115.77,NA,NA,NA,NA,NA,NA,138.48,168.32,175.225,NA,NA,171.49,197.295,197.3470854,185.17,202.90711115,224.795
LH195/PHG47,NA,109.84,NA,NA,NA,NA,NA,NA,155.165,200.585,89.315,NA,NA,149.415,210.26,194.9734704,202.1,181.39846155,236.735
LH195/PHG83,NA,64.4833333333333,NA,NA,NA,NA,NA,NA,95.34,119.385,118.785,NA,NA,140.055,156.355,142.85227175,146.05,119.3289763,149.415
LH195/PHJ65,128.015,NA,NA,121.84,NA,183.305,141.925,NA,NA,NA,NA,NA,NA,NA,NA,NA,198.48,NA,231.145
LH195/PHK56,NA,86.1575,NA,NA,NA,NA,NA,NA,184.155,158.13,186.64,NA,NA,180.175,235.075,202.67936095,231.62,225.44915175,219.445
LH195/PHM49,85.505,NA,NA,147.505,NA,111.275,126.665,NA,NA,NA,NA,NA,NA,NA,NA,NA,209.32,NA,223.805
LH195/PHN37,90.935,113.59,NA,166.225,135.975,165.255,153.825,159.68,182.3475,148.7575,190.1175,188.81,NA,184.685,161.94,203.395583675,204.71,211.692566175,203.6775
LH195/PHN47,133.635,NA,NA,190.975,NA,149.23,123.19,NA,NA,NA,NA,NA,NA,NA,NA,NA,215.1,NA,230.62
LH195/PHN82,86.8,94.185,NA,217.17,NA,163.92,119.615,NA,143.64,191.605,172.145,NA,NA,180.73,207.21,190.90924005,204.885,204.22557695,228.9825
LH195/PHP60,39.215,NA,NA,197.75,NA,144.955,134.39,NA,NA,NA,NA,NA,NA,NA,NA,NA,223.89,NA,262.655
LH195/PHR03,82.525,NA,NA,192.595,NA,168.185,150.765,NA,NA,NA,NA,NA,NA,NA,NA,NA,232.385,NA,266.535
LH195/PHW30,73.31,NA,NA,174.19,NA,148.06,131.25,NA,NA,NA,NA,NA,NA,NA,NA,NA,220.55,NA,256.69
LH195/PHW53,82.06,NA,NA,145.12,NA,119.545,139.68,NA,NA,NA,NA,NA,NA,NA,NA,NA,200.135,NA,186.325
LH195/PHZ51,85.435,92.735,NA,178.5125,NA,138.82,163.335,NA,159.675,186.79,184.445,NA,NA,158.0525,177.5425,194.31231275,206.966666666667,189.71270415,215.118333333333
LH195/Q381,92.95,87.5666666666667,NA,125.81,NA,120.685,127.695,NA,176.635,167.49,167.09,NA,NA,174.065,173.075,186.51457735,178.045,172.70662975,196.075
LH198/3IIH6,103.04,NA,NA,NA,113.605,NA,145.1,NA,153.79,183.125,187.56,161.88,180.115,197.81,197.145,187.11259425,195.12,189.84936265,215.28
LH198/CGR01,NA,112.7675,NA,NA,90.6,NA,NA,162.005,NA,151.79,NA,205.015,166.66,NA,167.325,219.76556425,NA,194.13774475,NA
LH198/LH123HT,NA,85.1175,NA,NA,NA,NA,NA,NA,157.135,165.31,102.96,NA,NA,200.85,200.355,179.3656978,176.42,174.2897092,214.115
LH198/LH185,NA,127.2875,NA,NA,NA,NA,NA,NA,174.05,208.88,109.41,NA,NA,238.745,234.49,259.87876585,237.985,255.8814421,235.995
LH198/LH38,NA,108.635,NA,NA,NA,NA,NA,NA,141.625,176.33,106.95,NA,NA,202.62,203.48,200.36754775,207.33,211.08264495,235.12
LH198/LH51,NA,96.67,NA,NA,NA,NA,NA,NA,204.805,174.16,171.675,NA,NA,226.155,191.24,237.3640486,205,199.80748225,215.555
LH198/LH82,NA,124.86,NA,NA,NA,NA,NA,NA,118.63,188.925,109.285,NA,NA,194.11,193.855,208.247295,207.925,203.41767665,214.415
LH198/PHG29,NA,131.985,NA,NA,NA,NA,NA,NA,151.01,159.98,198.445,NA,NA,196.175,213.91,197.36984785,201.165,213.1713525,217.75
LH198/PHG47,NA,121.73,NA,NA,NA,NA,NA,NA,220.11,168.7,194.315,NA,NA,154.44,188.66,209.5125786,181.715,217.3459641,204.395
LH198/PHG83,NA,58.8475,NA,NA,NA,NA,NA,NA,72.485,130.245,111.52,NA,NA,116.575,132.84,133.4088601,139.55,129.525265,119.385
LH198/PHK56,NA,121.9275,NA,NA,NA,NA,NA,NA,167.035,210.01,194.915,NA,NA,198.555,229.84,220.24382715,222.455,231.6110858,212.765
LH198/PHN37,NA,110.4,NA,114.09,NA,129.195,NA,NA,183.145,138.595,187.505,NA,NA,221.485,162.815,237.4439683,173.175,204.69070115,198.005
LH198/PHN82,NA,108.245,NA,NA,NA,NA,NA,NA,178.595,194.715,183.585,NA,NA,202.175,224.765,212.207295,209.945,235.8125604,254.245
LH198/PHZ51,69.615,100.811428571429,120.75,122.445,118.105,134.64,177.02,178.36,148.3225,181.725,189.21,168.465,135.33,186.4925,187.956666666667,191.458426475,179.65,194.121405125,218.3025
LH198/Q381,NA,120.0875,NA,NA,NA,NA,NA,NA,157.965,195.28,196.635,NA,NA,202.085,193.525,201.9901268,206.275,210.759284,210.345
LH205/3IIH6,58.575,NA,NA,NA,140.84,NA,159.485,NA,136.505,172.5,174.535,179.86,175.76,178.475,186.4,173.58294295,176.02,178.2589983,192.33
LH209/3IIH6,49.62,NA,NA,NA,114.83,NA,173.025,NA,126.32,173.05,150.45,172.28,188.415,158.24,172.045,166.06208115,172.985,161.1050934,179.41
LH212HT/LH195,105.555,NA,NA,131.765,NA,133.1,128.235,NA,NA,194.305,220.975,205.92,171.13,206.03,211.08,NA,230.43,NA,185.64
LH216/LH195,110.77,83.5225,147.49,200.84,126.845,185.395,147.4,128.915,152.515,208.535,199.82,192.325,174.6,260.655,156.8,199.17042605,248.63,204.50872695,214.065
LH220HT/3IIH6,98.935,NA,NA,NA,125.645,NA,192.015,NA,136.245,143.065,182.445,133.25,188.74,130.775,161.265,148.57770205,152.8,171.8549201,201.085
LH74/PHM49,NA,119.816666666667,140.51,NA,NA,NA,NA,NA,NA,NA,182.005,NA,NA,166.6,NA,NA,NA,NA,NA
LH74/PHN82,111.495,NA,NA,85.035,109.89,133.27,156.9,NA,NA,188.915,171.975,177.34,178.84,NA,NA,NA,188.845,NA,245.98
LH82/LH145,NA,115.7025,NA,NA,135.375,NA,NA,163.495,NA,120.095,NA,83.495,148.575,NA,152.98,154.66268725,NA,150.1206961,NA
LH82/PHB47,NA,103.28,NA,NA,160.1,NA,NA,158.25,NA,154.125,NA,170.93,174.135,NA,190.295,192.30063775,NA,204.4772612,NA
LH82/S8324,NA,125.9175,NA,NA,136.52,NA,NA,140.92,NA,165.39,NA,169.35,172.54,NA,172.695,168.27539645,NA,197.8030042,NA
MBNIL B004/LH185,NA,NA,NA,NA,NA,NA,NA,160.815,NA,NA,NA,NA,NA,NA,NA,200.43893155,NA,NA,NA
MBNIL B004/PHZ51,NA,NA,NA,NA,NA,NA,NA,114.665,149.22,113.405,NA,NA,NA,NA,174.85,181.4248225,NA,NA,208.625
MBNIL B015/3IIH6,NA,NA,NA,NA,NA,NA,NA,139.87,125.725,149,NA,NA,NA,NA,188.47,175.4659514,NA,NA,221.33
MBNIL B015/LH185,NA,NA,NA,NA,NA,NA,NA,174.845,NA,NA,NA,NA,NA,NA,NA,196.94782165,NA,NA,NA
MBNIL B015/PHZ51,NA,NA,NA,NA,NA,NA,NA,131.345,126.275,156.035,NA,NA,NA,NA,160.16,153.89064625,NA,NA,243.3
MBNIL B040/3IIH6,NA,NA,NA,NA,NA,NA,NA,140.93,149.865,140.85,NA,NA,NA,NA,157.485,153.53448055,NA,NA,177.54
MBNIL B040/PHZ51,NA,NA,NA,NA,NA,NA,NA,124.145,110.82,144.81,NA,NA,NA,NA,150.175,181.2012984,NA,NA,221.47
MBNIL B043/3IIH6,NA,NA,NA,NA,NA,NA,NA,127.34,149.15,127.135,NA,NA,NA,NA,170.72,199.18687025,NA,NA,236.515
MBNIL B043/PHZ51,NA,NA,NA,NA,NA,NA,NA,117.19,168.23,156.315,NA,NA,NA,NA,167.415,177.7957988,NA,NA,210.325
MBNIL B044/PHZ51,NA,NA,NA,NA,NA,NA,NA,138.955,109.27,146.12,NA,NA,NA,NA,184.49,165.26874215,NA,NA,243.615
MBNIL B049/PHZ51,NA,NA,NA,NA,NA,NA,NA,116.805,152.91,157.12,NA,NA,NA,NA,207.975,152.9110651,NA,NA,222.955
MBNIL B055/3IIH6,NA,NA,NA,NA,NA,NA,NA,147.06,NA,NA,NA,NA,NA,NA,NA,174.3803825,NA,NA,NA
MBNIL B055/LH185,NA,NA,NA,NA,NA,NA,NA,149.63,152.085,123.855,NA,NA,NA,NA,136.605,198.8307464,NA,NA,220.545
MBNIL B055/PHZ51,NA,NA,NA,NA,NA,NA,NA,130.99,125.915,131.06,NA,NA,NA,NA,162.71,163.08354525,NA,NA,235.535
MBNIL B057/3IIH6,NA,NA,NA,NA,NA,NA,NA,146.43,NA,NA,NA,NA,NA,NA,NA,151.54263905,NA,NA,NA
MBNIL B057/PHZ51,NA,NA,NA,NA,NA,NA,NA,131.815,146.025,109.47,NA,NA,NA,NA,181.285,167.85320285,NA,NA,244.26
MBNIL B065/3IIH6,NA,NA,NA,NA,NA,NA,NA,173.225,106.9,157.5,NA,NA,NA,NA,198.835,159.91311835,NA,NA,197.705
MBNIL B065/PHZ51,NA,NA,NA,NA,NA,NA,NA,114.045,157.855,158.65,NA,NA,NA,NA,177.85,143.5793318,NA,NA,228.73
MBNIL B078/3IIH6,NA,NA,NA,NA,NA,NA,NA,145.45,152.345,119.17,NA,NA,NA,NA,170.17,165.3751065,NA,NA,214.85
MBNIL B078/PHZ51,NA,NA,NA,NA,NA,NA,NA,133.83,137.385,125.48,NA,NA,NA,NA,169.155,154.0045841,NA,NA,222.95
MBNIL B102/3IIH6,NA,NA,NA,NA,NA,NA,NA,173.4,NA,NA,NA,NA,NA,NA,NA,163.97337365,NA,NA,NA
MBNIL B102/LH185,NA,NA,NA,NA,NA,NA,NA,146.59,NA,NA,NA,NA,NA,NA,NA,164.3195389,NA,NA,NA
MBNIL B102/PHZ51,NA,NA,NA,NA,NA,NA,NA,125.66,154.83,135.085,NA,NA,NA,NA,203.315,169.49469485,NA,NA,226.32
MBNIL B107/3IIH6,NA,NA,NA,NA,NA,NA,NA,138.335,136.355,130.445,NA,NA,NA,NA,193.445,181.3485013,NA,NA,237.225
MBNIL B107/PHZ51,NA,NA,NA,NA,NA,NA,NA,130.46,109.87,126.395,NA,NA,NA,NA,169.48,193.6701517,NA,NA,240.23
MBNIL B111/3IIH6,NA,NA,NA,NA,NA,NA,NA,155.485,155.715,158.435,NA,NA,NA,NA,188.23,217.3485165,NA,NA,209.93
MBNIL B111/PHZ51,NA,NA,NA,NA,NA,NA,NA,119.395,121.255,144.745,NA,NA,NA,NA,169.685,146.2347997,NA,NA,214.7
MBNIL B122/3IIH6,NA,NA,NA,NA,NA,NA,NA,155.035,102.265,137.93,NA,NA,NA,NA,187.59,153.81005705,NA,NA,214.445
MBNIL B122/PHZ51,NA,NA,NA,NA,NA,NA,NA,133.435,131.89,152.005,NA,NA,NA,NA,176.4,203.33959805,NA,NA,247.855
MBNIL B123/3IIH6,NA,NA,NA,NA,NA,NA,NA,132.3,NA,NA,NA,NA,NA,NA,NA,195.63705495,NA,NA,NA
MBNIL B123/PHZ51,NA,NA,NA,NA,NA,NA,NA,141.275,117.355,159.1,NA,NA,NA,NA,180.52,144.3814159,NA,NA,216.18
MBNIL B136/PHZ51,NA,NA,NA,NA,NA,NA,NA,184.19,135.67,131.87,NA,NA,NA,NA,171.01,171.3610917,NA,NA,228.76
MBNIL B144/3IIH6,NA,NA,NA,NA,NA,NA,NA,154.245,NA,NA,NA,NA,NA,NA,NA,170.3790837,NA,NA,NA
MBNIL B144/LH185,NA,NA,NA,NA,NA,NA,NA,164.24,NA,NA,NA,NA,NA,NA,NA,186.62613015,NA,NA,NA
MBNIL B154/3IIH6,NA,NA,NA,NA,NA,NA,NA,148.385,179.24,136.07,NA,NA,NA,NA,171.715,189.893716,NA,NA,227.795
MBNIL B154/PHZ51,NA,NA,NA,NA,NA,NA,NA,135.47,153.735,149.06,NA,NA,NA,NA,173.055,189.9027122,NA,NA,228.365
MBNIL B169/PHZ51,NA,NA,NA,NA,NA,NA,NA,112.095,160.31,151.245,NA,NA,NA,NA,172.045,158.02692985,NA,NA,235.135
MBNIL B175/3IIH6,NA,NA,NA,NA,NA,NA,NA,120.15,159.61,143.09,NA,NA,NA,NA,173.175,142.20797675,NA,NA,204.3
MBNIL B175/LH185,NA,NA,NA,NA,NA,NA,NA,144.5,170.905,137.51,NA,NA,NA,NA,174.54,214.86514795,NA,NA,224.475
MBNIL B175/PHZ51,NA,NA,NA,NA,NA,NA,NA,129.62,173.515,151.085,NA,NA,NA,NA,181.585,157.1048825,NA,NA,222.02
MBNIL B189/3IIH6,NA,NA,NA,NA,NA,NA,NA,157.795,150.155,181.25,NA,NA,NA,NA,211.57,211.2256217,NA,NA,223.425
MBNIL B189/LH185,NA,NA,NA,NA,NA,NA,NA,133.69,175.505,131.885,NA,NA,NA,NA,182.015,197.3482988,NA,NA,246.64
MBNIL B189/PHZ51,NA,NA,NA,NA,NA,NA,NA,119.515,138.72,142.67,NA,NA,NA,NA,201.35,184.05844845,NA,NA,251.785
MO17/PHZ51,NA,NA,152.505,NA,NA,119.275,NA,151.28,148.19,117.975,NA,NA,NA,NA,93.895,NA,166.54,196.2272054,186.79
MS222/3IIH6,NA,NA,NA,NA,154.84,NA,NA,NA,NA,NA,NA,NA,NA,NA,NA,NA,NA,NA,NA
N192/3IIH6,94.995,NA,NA,NA,118.055,NA,170.87,NA,118.435,138.47,92.03,169.97,198.975,171.05,155.385,149.7320186,163.3,163.6130237,205.44
N209/3IIH6,123.515,NA,NA,NA,143.675,NA,168.955,NA,NA,NA,NA,NA,185.76,NA,NA,NA,NA,NA,NA
N217/3IIH6,104.445,NA,NA,NA,118.335,NA,109.795,NA,139.255,176.22,174.255,177.125,192.615,134.69,198.515,164.8006471,178.73,148.8379222,188.905
N218/3IIH6,103.57,NA,NA,NA,107.28,NA,169.62,NA,NA,NA,188.72,159.91,198.805,NA,NA,NA,NA,NA,NA
N28HT/3IIH6,115.93,NA,NA,NA,148.82,NA,160.69,NA,90.315,114.45,187.245,119.225,155.54,103.095,160.915,146.4379463,161.085,141.7484594,232.59
OS420/3IIH6,90.605,NA,NA,NA,91.8,NA,133.87,NA,114.245,120.135,173,101.94,179.51,109.07,173.24,167.4087908,157.955,175.89262215,209.105
PB80/PHZ51,85.535,92.425,113.445,115.06,115.305,146.17,148.105,148.225,222.695,156.07,185.225,182.35,NA,188.64,168.94,180.54101945,212.045,201.24620415,219.425
PHB09/3IIH6,126.91,NA,NA,NA,153.03,NA,170.48,NA,NA,148.785,175.64,158.295,182.27,178.89,188.89,NA,154.71,NA,209.935
PHB47/3IIH6,106.235,121.085,NA,NA,139.7125,NA,159.76,182.66,NA,151.535,177.35,189.0325,190.095,173.915,191.43,209.53726585,189.3,205.01485715,210.845
PHB47/LH123HT,NA,102.0475,NA,NA,NA,NA,NA,NA,141.72,156.84,192.275,NA,NA,221.57,197.88,223.72907905,207.94,229.17433005,210.865
PHB47/LH162,NA,144.9275,NA,NA,150.09,NA,NA,189.3,NA,131.875,NA,166.28,165.685,NA,157.32,159.7311023,NA,194.5026974,NA
PHB47/LH185,NA,120.475714285714,NA,NA,166.4,NA,NA,157.985,174.775,169.76,198.92,225.48,195.93,200.29,200.74,223.1551008,197.415,223.068758225,209.645
PHB47/LH38,NA,104.535,NA,NA,NA,NA,NA,NA,143.945,151.42,180.33,NA,NA,157.945,165.155,203.87564585,172.885,195.98602365,184.9
PHB47/LH51,NA,117.335,NA,NA,NA,NA,NA,NA,192.315,157.22,153.99,NA,NA,181.09,193.765,216.26516525,204.63,213.4771395,203.455
PHB47/LH82,NA,103.8,NA,NA,NA,NA,NA,NA,173.82,148.28,94.605,NA,NA,156.755,195.845,232.6018808,179.17,191.64378995,194.055
PHB47/PHG29,NA,113.145,NA,NA,NA,NA,NA,NA,143.305,167.57,144.57,NA,NA,169.375,172.465,209.59613865,172.64,201.3395554,203.07
PHB47/PHG47,NA,107.2875,NA,NA,NA,NA,NA,NA,152.915,152.245,105.11,NA,NA,168.03,202.515,200.7635478,179.025,232.17901775,202.865
PHB47/PHG83,NA,109.2275,NA,NA,NA,NA,NA,NA,144.56,147.585,190.81,NA,NA,176.76,211.625,201.96209215,208.36,214.0916006,241.73
PHB47/PHK05,NA,115.725,NA,NA,82.73,NA,NA,171.135,NA,156.485,NA,139.54,183.835,NA,137.61,126.602923905,NA,132.6066923,NA
PHB47/PHK56,NA,113.17,NA,NA,151.14,NA,NA,157.385,174.665,168.39,122.55,NA,164.495,171.785,192.06,209.342111175,193.06,234.7189996,218.505
PHB47/PHN82,NA,106.1525,NA,NA,NA,NA,NA,NA,168.13,182.055,163.185,NA,NA,188.575,214.09,213.7781982,191.39,232.88365005,236.975
PHB47/PHR25,NA,120.3475,NA,NA,127.39,NA,NA,152.6,NA,168.01,NA,154.76,147.27,NA,175.24,188.67985715,NA,197.44135715,NA
PHB47/PHZ51,160.315,106.070833333333,156.415,125.41,142.96,129.465,146.655,158.0675,153.255,160.544,135.3675,167.656666666667,194.6,178.1925,171.86,176.10821005,182.485,212.06384405,211.7825
PHB47/Q381,NA,97.1,NA,NA,NA,NA,NA,NA,169,125.36,148.645,NA,NA,179.735,167.045,194.0842278,162.635,219.08080725,189.25
PHBB3/3IIH6,50.23,NA,NA,NA,182.8,NA,137.86,NA,NA,155.47,191.62,187.31,178.415,NA,206.83,NA,201.32,NA,229.075
PHBW8/3IIH6,87.94,NA,NA,NA,98.68,NA,145.98,NA,152.085,180.05,174.245,190.87,196.545,210.96,213.675,219.27340955,188.505,174.93258155,206.76
PHG29/CG120,NA,101.115,NA,NA,143.07,NA,NA,149.48,NA,161.08,NA,150.72,186.645,NA,145.915,160.20932335,NA,189.3423119,NA
PHG29/LH145,NA,108.675,NA,NA,105.96,NA,NA,153.105,NA,150.515,NA,151.715,185.57,NA,155.695,183.77906425,NA,182.8415769,NA
PHG29/PHB47,NA,127.795,NA,NA,178.705,NA,NA,150.215,NA,186.035,NA,167.065,156.535,NA,160.9,175.3778305,NA,233.0913994,NA
PHG29/PHG47,86.77,83.93,87.9,82.85,151.265,98.655,135.945,155.84,148.06,136.88,104.085,164.985,148.755,134.36,151.2175,176.1439717,163.065,182.08618935,193.69
PHG29/PHHV4,NA,138.195,NA,NA,150.685,NA,NA,175.865,NA,184.3,NA,181.84,227.19,NA,185.71,208.09013355,NA,236.59853505,NA
PHG29/PHRE1,NA,102.8425,NA,NA,160.185,NA,NA,170.45,NA,188.36,NA,151.86,211.935,NA,169.545,203.3889307,NA,177.665082,NA
PHG29/S8324,NA,128.435,NA,NA,119.94,NA,NA,149.55,NA,171.085,NA,162.985,185.835,NA,205.535,158.1510355,NA,153.2735072,NA
PHG39/PHM49,NA,NA,NA,NA,NA,NA,NA,NA,NA,NA,NA,NA,NA,NA,197.27,NA,NA,NA,NA
PHG47/CG120,NA,80.9666666666667,NA,NA,104.735,NA,NA,161.485,NA,159.04,NA,173.4,168.21,NA,149.545,176.55930305,NA,117.409146235,NA
PHG47/LH145,NA,94.565,NA,NA,118.655,NA,NA,152.615,NA,150.22,NA,137.785,150.205,NA,144.405,175.87621975,NA,182.46026375,NA
PHG47/PHB47,NA,128.85,NA,NA,144.24,NA,NA,196.15,NA,181.35,NA,200.525,142.955,NA,179.53,224.33805875,NA,167.75278025,NA
PHG47/PHHV4,NA,117.2725,NA,NA,155.54,NA,NA,182.49,NA,206.55,NA,209.235,204.085,NA,181.125,217.81380815,NA,197.8776099,NA
PHG47/PHRE1,NA,91.47,NA,NA,100.31,NA,NA,177.625,NA,157.74,NA,154.54,175.115,NA,179.84,189.52173375,NA,198.3381733,NA
PHG47/S8324,NA,124.3325,NA,NA,152.405,NA,NA,155.98,NA,148.135,NA,181.755,199.83,NA,145.78,178.5514793,NA,139.1412781,NA
PHG80/3IIH6,115.595,NA,NA,NA,157.475,NA,144.06,NA,NA,174.12,191.305,183.78,178.025,197.34,198.68,NA,194.06,214.0905127,229.06
PHG80/PHZ51,140.79,NA,NA,151.88,165.335,136.265,163.255,NA,NA,153.895,206.085,194.555,NA,NA,NA,NA,195.03,NA,237.73
PHHV4/3IIH6,NA,110.35,NA,NA,160.17,NA,NA,184.86,NA,185.36,NA,191.91,194.57,NA,204.195,202.8829679,NA,168.1496589,NA
PHHV4/LH162,NA,109.465,NA,NA,104.725,NA,NA,134.145,NA,135.915,NA,147.535,169.24,NA,156.99,171.22732035,NA,176.25535715,NA
PHHV4/LH185,NA,148.625,NA,NA,171.825,NA,NA,205.84,NA,205.52,NA,212.68,182.385,NA,225.235,225.1475909,NA,245.423929,NA
PHHV4/PHK05,NA,100.5225,NA,NA,66.79,NA,NA,134.95,NA,147.38,NA,115.445,118.07,NA,147.21,154.42539685,NA,169.34632035,NA
PHHV4/PHK56,NA,140.455,NA,NA,135.825,NA,NA,192.585,NA,213.3,NA,153.735,185.615,NA,216.595,212.2267519,NA,141.147388005,NA
PHHV4/PHR25,NA,126.49,NA,NA,133.71,NA,NA,137.37,NA,172.88,NA,193.98,170.305,NA,173.31,177.21983305,NA,196.5476792,NA
PHHV4/PHZ51,NA,114.015,NA,NA,130.965,NA,NA,185.78,NA,172.62,NA,155.15,190.775,NA,209.135,200.83438755,NA,217.07411155,NA
PHJ40/LH82,NA,127.015,NA,NA,141.495,NA,NA,173.565,NA,161.045,NA,163.335,175.36,NA,172.23,182.1812143,NA,189.5178005,NA
PHJ89/CG120,NA,83.4725,NA,NA,137.25,NA,NA,119.105,NA,146.65,NA,154.195,157.04,NA,149.675,173.7990609,NA,200.33817415,NA
PHJ89/LH145,NA,104.355,NA,NA,132.225,NA,NA,163.285,NA,180.54,NA,167.93,156.305,NA,174.985,187.23351985,NA,198.5261729,NA
PHJ89/PHHV4,NA,131.9,NA,NA,137.06,NA,NA,183.91,NA,182.1,NA,205.47,183.12,NA,191.3,194.10096495,NA,207.5168039,NA
PHJ89/PHRE1,NA,94.2075,NA,NA,162.885,NA,NA,128.805,NA,163.075,NA,180.43,187.94,NA,164.355,185.7538339,NA,206.29650125,NA
PHJ89/S8324,NA,111.3675,NA,NA,113.54,NA,NA,179.55,NA,165.515,NA,178.44,197.35,NA,169.365,177.10949365,NA,196.96397295,NA
PHK05/PHRE1,NA,100.71,NA,NA,60.75,NA,NA,100.36,NA,119.865,NA,124.29,127.265,NA,125.36,127.35023585,NA,148.10805875,NA
PHK56/PHRE1,NA,106.1875,NA,NA,126.725,NA,NA,168.01,NA,158.56,NA,178.695,189.57,NA,181.985,206.62509255,NA,225.53170755,NA
PHN11_OH43_0001/PHB47,100.32,NA,63.745,72.995,NA,105.555,157.34,NA,143.105,113.22,158.38,179.02,144.985,143.23,143.95,NA,145.945,NA,188.635
PHN11_PHG47_0251/PHB47,NA,98.6575,113.545,98.605,NA,NA,116.27,91.77,114.27,136.495,158.705,182.705,NA,169.845,173.98,181.3495055,157.735,191.91417795,170.21
PHN11_PHW65_0323/LH195,117.205,93.1475,154.945,168.865,133.145,147.62,143.67,163.63,164.22,215.11,178.02,173.08,161.16,189.7,155.35,189.62152875,198.41,235.8903043,218.72
PHN66/LH123HT,NA,88.18,NA,NA,NA,NA,NA,NA,149.705,160.9,181.255,NA,NA,176.71,178.3,181.1095372,171.49,180.7175541,160.385
PHN66/LH185,NA,126.2925,NA,NA,NA,NA,NA,NA,141.19,161.18,130.365,NA,NA,208.17,156.01,168.02936095,186.645,201.3914404,197.935
PHN66/LH38,NA,111.055,NA,NA,NA,NA,NA,NA,127.055,165.615,184.14,NA,NA,173.26,178.775,188.9514167,171.855,178.488213,186.625
PHN66/LH51,NA,113.0525,NA,NA,NA,NA,NA,NA,174.205,149.515,198.48,NA,NA,199.605,166.455,186.33143155,172.99,207.99711705,183.28
PHN66/LH82,NA,104.16,NA,NA,NA,NA,NA,NA,141.365,136.575,151.985,NA,NA,168.98,184.625,185.30749705,185.235,205.3589721,201.145
PHN66/PHG29,NA,113.7375,NA,NA,NA,NA,NA,NA,149.985,167.125,127.715,NA,NA,178.6,173.115,194.70027895,168.56,187.99459805,216.565
PHN66/PHG47,NA,101.59,NA,NA,NA,NA,NA,NA,172.13,148.81,119.25,NA,NA,178.995,191.445,179.21263695,175.515,190.72580135,198.455
PHN66/PHG83,NA,108.6325,NA,NA,NA,NA,NA,NA,172.27,164.82,181.495,NA,NA,196.705,210.335,203.05686645,206.91,198.95489395,188.23
PHN66/PHK56,NA,127.335,NA,NA,NA,NA,NA,NA,114.285,159.985,201.97,NA,NA,180.315,201.425,214.96808115,193.48,243.4937637,228.3
PHN66/PHN82,NA,116.6475,NA,NA,NA,NA,NA,NA,152.225,151.795,186.03,NA,NA,184.38,210.84,213.206082,205.83,215.80849325,222.855
PHN66/PHZ51,NA,100.295,NA,NA,NA,NA,NA,NA,117.235,145.555,191.43,NA,NA,173.765,181.875,156.8847895,161.885,197.903929,218.17
PHN66/Q381,NA,120.1825,NA,NA,NA,NA,NA,NA,127.23,138.92,163.265,NA,NA,171.355,161.475,179.328918,159.385,172.2239734,171.945
PHN82/LH145,NA,124.1725,NA,NA,123.425,NA,NA,146.515,NA,168.3,NA,160.58,150.645,NA,195.35,155.71156005,NA,225.6348918,NA
PHN82/PHB47,NA,116.585,NA,NA,149.935,NA,NA,193.865,NA,191.61,NA,208.575,168.19,NA,211.42,206.234825,NA,228.94201905,NA
PHN82/PHHV4,NA,158.2975,NA,NA,140.03,NA,NA,233.09,NA,201.97,NA,230.455,215.69,NA,229.535,225.6719645,NA,231.1847916,NA
PHN82/PHRE1,NA,139.5225,NA,NA,143.165,NA,NA,146.3,NA,NA,NA,NA,172.955,NA,182.76,190.789235,NA,243.0568415,NA
PHN82/S8324,NA,138.2075,NA,NA,135.8,NA,NA,156.675,NA,195.23,NA,192.305,189.675,NA,187.71,193.0474476,NA,226.61731825,NA
PHP02/PHB47,101.165,113.29,91.295,56.285,176.645,107.675,179.85,146.28,153.405,148.795,178.465,196.125,179.365,194.225,164.7,183.1048935,184.505,196.64165805,193.3
PHP38/LH123HT,99.36,NA,NA,117.215,NA,125.31,157.31,NA,NA,NA,NA,NA,NA,NA,NA,NA,171.33,NA,233.6
PHP38/LH210,111.89,NA,NA,139.04,NA,154.825,133.1,NA,NA,NA,NA,NA,NA,NA,NA,NA,189.625,NA,189.825
PHP38/PHJ65,85.35,NA,NA,170.045,NA,154.625,144.44,NA,NA,NA,NA,NA,NA,NA,NA,NA,215.14,NA,248.305
PHP38/PHM49,130.54,NA,NA,127.71,NA,121.09,140.255,NA,NA,NA,NA,NA,NA,NA,NA,NA,207.415,NA,231.8
PHP38/PHN47,119.02,NA,NA,71.985,NA,153.74,136.665,NA,NA,NA,NA,NA,NA,NA,NA,NA,155.58,NA,187.99
PHP38/PHN82,94.33,NA,NA,107.66,NA,130.135,106.12,NA,NA,NA,NA,NA,NA,NA,NA,NA,190.15,NA,229.545
PHP38/PHP60,92.02,NA,NA,37.86,NA,112.46,151.78,NA,NA,NA,NA,NA,NA,NA,NA,NA,149.74,NA,157.75
PHP38/PHR03,85.27,NA,NA,161.38,NA,140.6,154.755,NA,NA,NA,NA,NA,NA,NA,NA,NA,221.55,NA,254.915
PHP38/PHW30,113.795,NA,NA,125.485,NA,106.27,143.545,NA,NA,NA,NA,NA,NA,NA,NA,NA,188.895,NA,190.82
PHP38/PHW53,40.615,NA,NA,115.375,NA,127.96,151,NA,NA,NA,NA,NA,NA,NA,NA,NA,175.075,NA,219.855
PHP38/Q381,103.815,NA,NA,53.155,NA,113.98,153.715,NA,NA,NA,NA,NA,NA,NA,NA,NA,161.025,NA,188.035
PHP85/3IIH6,62.1,NA,NA,NA,123.705,NA,157.085,NA,109.675,197.65,198.04,174.9,196.38,207.26,224.57,209.9974108,207.715,191.6619915,220.665
PHRE1/PHR25,NA,102.51,NA,NA,94.04,NA,NA,131.145,NA,163.64,NA,128.03,112.72,NA,130.665,145.80511625,NA,136.40718765,NA
PHT69/3IIH6,57.39,NA,NA,NA,165.485,NA,142.35,NA,143.445,151.355,167.185,164.845,169.25,158.61,192.135,182.5778838,179.875,171.5853271,208.075
PHV37/3IIH6,91.995,NA,NA,NA,137.58,NA,146.24,NA,161.89,163.135,195.2,171.38,226.62,154.015,187.47,197.68103255,178.215,203.04975315,191.56
PHW52/LH123HT,NA,98.17,NA,NA,NA,NA,NA,NA,173.255,152.71,137.15,NA,NA,254.055,206.845,202.7726285,221.35,208.5116158,191.745
PHW52/LH185,158.445,124.165,NA,145.455,NA,121.295,168.62,NA,184.87,191.865,218.345,NA,NA,230.955,203.97,233.9965841,208.76,253.40414075,250.9275
PHW52/LH210,171.985,NA,NA,187.195,NA,171.95,160.115,NA,NA,NA,NA,NA,NA,NA,NA,NA,236.375,NA,212.935
PHW52/LH38,NA,119.835,NA,NA,NA,NA,NA,NA,130.78,166.41,150.65,NA,NA,184.435,188.855,225.52087025,222.38,225.04398815,237.39
PHW52/LH51,NA,112.6525,NA,NA,NA,NA,NA,NA,151.73,155.19,171.32,NA,NA,214.59,147.555,202.2403466,188.14,219.93900255,192.29
PHW52/LH82,NA,122.74,NA,NA,NA,NA,NA,NA,149.635,179.685,91.905,NA,NA,190.385,166.355,190.29390025,192.37,246.11718005,235.425
PHW52/PHG29,NA,122.835,NA,NA,NA,NA,NA,NA,162.775,164.755,179.695,NA,NA,206.56,186.83,200.06548475,201.475,246.14584235,207.82
PHW52/PHG47,NA,130.18,NA,NA,NA,NA,NA,NA,164.82,156.12,86.14,NA,NA,185.27,164.235,180.1027164,172.16,202.9597912,205.635
PHW52/PHG83,NA,81.425,NA,NA,NA,NA,NA,NA,143.58,128.67,101.225,NA,NA,148.985,170.325,193.442276,172.155,208.44797295,194.34
PHW52/PHJ65,149.575,NA,NA,169.835,NA,177.25,122.35,NA,NA,NA,NA,NA,NA,NA,NA,NA,184.12,NA,207.66
PHW52/PHK56,NA,145.7975,NA,NA,NA,NA,NA,NA,189.975,208.975,165.81,NA,NA,228.6,223.75,223.15972445,216.56,238.07273965,246.955
PHW52/PHM49,NA,90.585,109.845,155.985,NA,NA,NA,153.755,157.905,NA,NA,NA,NA,222.66,156.235,202.8543474,NA,215.43471175,NA
PHW52/PHN37,NA,127.7525,NA,NA,NA,NA,NA,NA,178.18,189.72,168.37,NA,NA,208.54,175.97,199.51839055,182.395,211.7261031,201.79
PHW52/PHN47,69.525,NA,NA,180.25,NA,169.62,163.785,NA,NA,NA,NA,NA,NA,NA,NA,NA,222.185,NA,253.67
PHW52/PHN82,104.6225,118.31,156.48,130.57,153.9,141.2975,149.8775,166.575,133.0525,188.24,136.46,194.145,187.39,227.6725,203.198333333333,205.625029375,204.926666666667,229.014155925,254.431666666667
PHW52/PHP60,119.355,NA,NA,171.01,NA,NA,162.345,NA,NA,NA,NA,NA,NA,NA,NA,NA,NA,NA,NA
PHW52/PHR03,113.88,NA,NA,115.983333333333,NA,151.9875,147.45,NA,NA,NA,NA,NA,NA,NA,NA,NA,222.5425,NA,254.4
PHW52/PHW30,98.395,NA,NA,156.08,NA,138.32,167.445,NA,NA,NA,NA,NA,NA,NA,NA,NA,234.73,NA,259.545
PHW52/PHW53,59.415,NA,NA,140.535,NA,127.365,172.445,NA,NA,NA,NA,NA,NA,NA,NA,NA,165.845,NA,220.23
PHW52/PHZ51,62.245,111.3225,NA,57.655,NA,122.33,174.465,NA,181.54,182.585,189.88,NA,NA,219.12,216.995,172.5231492,198.7625,219.74686055,216.0375
PHW52/Q381,96.865,125.92,NA,65.19,NA,118.125,119.5,NA,141.41,174.78,151.705,NA,NA,189.46,182.015,198.2165782,171.3125,240.71942055,211.695
PHZ51/LH145,NA,105.6375,NA,NA,114.09,NA,NA,214.745,NA,128.78,NA,156.935,177.205,NA,165.54,120.687527475,NA,90.657053255,NA
S8324/3IIH6,NA,113.56,NA,NA,138.645,NA,NA,158.895,NA,185.47,NA,195.97,184.655,NA,175.805,184.06836515,NA,212.0220152,NA
S8324/LH162,NA,123.7175,NA,NA,123.825,NA,NA,138.135,NA,173.1,NA,167.335,160.435,NA,144.885,127.294041,NA,141.5172781,NA
S8324/PHK05,NA,102.905,NA,NA,NA,NA,NA,148.155,NA,142.125,NA,117.755,NA,NA,142.455,137.2767223,NA,120.6415841,NA
S8324/PHK56,NA,146.3375,NA,NA,133.065,NA,NA,150.47,NA,179.96,NA,197.96,204.99,NA,185.085,190.5437853,NA,214.26629415,NA
S8324/PHR25,NA,117.095,NA,NA,108.185,NA,NA,137.35,NA,163.535,NA,151.36,153.44,NA,171.75,158.46653005,NA,137.48296535,NA
S8324/PHZ51,NA,107.91,NA,NA,123.905,NA,NA,174.815,NA,182.745,NA,177.525,186.05,NA,155.825,183.3705114,NA,186.05526925,NA
SD101/3IIH6,87.3,NA,NA,NA,101.725,NA,159.65,NA,NA,148.58,150.895,97.23,138.19,NA,NA,NA,NA,NA,NA
TR 9-1-1-6/3IIH6,NA,NA,NA,NA,102.775,NA,NA,NA,NA,NA,NA,NA,NA,NA,NA,NA,NA,NA,NA
TX714/PHZ51,98.225,NA,NA,137.19,126.235,166.255,121.545,NA,NA,NA,111.565,NA,NA,NA,NA,173.24665255,NA,219.41722315,NA
TX740/LH195,139.44,63.955,NA,162.15,NA,155.57,NA,NA,NA,188.69,NA,NA,NA,159.08,210.665,NA,213.28,NA,209.765
TX770/LH195,70.29,NA,NA,205.625,NA,174.525,NA,NA,NA,143.12,NA,NA,NA,NA,194.44,NA,225.675,NA,272.475
VA35/LH195,NA,74.0725,126.16,163.98,108.625,135.46,NA,145.88,113.355,170.375,190.63,166.32,189.41,195.005,152.66,178.76956385,212.285,170.13145815,237.57
W10004_0008/3IIH6,130.015,NA,NA,NA,141.595,NA,152.885,NA,NA,127.925,198.225,157.76,174.425,204.235,218.405,198.2845309,198.13,181.7400659,193.97
W10004_0045/3IIH6,113.3,NA,NA,NA,168.955,NA,90.235,NA,172.21,158.135,202.925,153.34,170.07,205.605,205.715,201.8930097,193.48,206.3012295,198.825
W10004_0062/3IIH6,134.355,NA,NA,NA,113.15,NA,131.38,NA,NA,NA,NA,NA,162.65,NA,NA,NA,NA,NA,NA
W10004_0072/3IIH6,66.965,NA,NA,NA,156.19,NA,137.65,NA,NA,92.595,182.47,152.6,185.58,NA,NA,NA,NA,NA,NA
W10004_0121/3IIH6,116.575,NA,NA,NA,151.415,NA,180.59,NA,NA,NA,NA,NA,262.055,NA,NA,NA,NA,NA,NA
W10004_0140/3IIH6,75.4,NA,NA,NA,106.12,NA,140.095,NA,NA,NA,NA,NA,135.325,NA,NA,NA,NA,NA,NA
W10004_0148/3IIH6,142.95,NA,NA,NA,148.93,NA,NA,NA,NA,NA,NA,NA,144.9,NA,NA,NA,NA,NA,NA
W10004_0208/3IIH6,60.745,NA,NA,NA,155.485,NA,173.785,NA,149.085,142.315,57.27,168,180.87,184.34,201.935,202.4375934,186.375,183.7584776,180.11
W10004_0212/3IIH6,134.23,NA,NA,NA,128.35,NA,130.29,NA,155.74,193.57,172.46,100.075,177.09,190.605,184.54,197.54659175,197.945,185.3922705,224.165
W10004_0225/3IIH6,151.185,NA,NA,NA,145.7,NA,133.635,NA,148.05,163.155,112.17,182.04,185.275,190.32,181.355,187.31737275,184.14,202.49642435,211.645
W10004_0258/3IIH6,92.995,NA,NA,NA,126.33,NA,143.06,NA,NA,170.19,98.21,175.355,168.1,NA,NA,NA,208.62,NA,NA
W10004_0292/3IIH6,64.25,NA,NA,NA,124.48,NA,177.74,NA,NA,NA,NA,NA,163.71,NA,NA,NA,NA,NA,NA
W10005_0107/PHB47,133.375,94.665,98.095,58.205,121.9,107.505,131.18,142.39,129.515,151.825,125.64,180.435,145.975,154.265,147.16,114.787780225,169.355,171.07116315,203.005
W10005_0147/PHB47,NA,128.31,109.315,NA,NA,NA,NA,NA,NA,NA,143.945,NA,NA,166.44,NA,NA,NA,NA,NA
W10008_0069/PHB47,NA,99.5875,118.995,NA,NA,NA,NA,NA,NA,NA,146.02,NA,NA,168.365,NA,NA,NA,NA,NA
W37A/PHB47,NA,112.645,66.95,57.985,NA,NA,NA,114.43,120.71,NA,NA,NA,NA,131.4,NA,163.7939937,NA,190.5521957,NA
WF9/H95,NA,81.15,153.805,81.895,NA,NA,NA,138.89,130.695,NA,NA,NA,NA,140.285,NA,160.61800165,NA,183.97371685,NA
WF9/MO17,NA,NA,NA,NA,NA,NA,NA,NA,NA,NA,NA,NA,NA,NA,142.51,NA,NA,NA,NA
Z029E0002/PHZ51,NA,NA,122.7,NA,NA,129.115,NA,159.245,123.295,137.63,NA,NA,NA,NA,162.165,NA,161.86,153.5496276,181.455
Z031E0012/PHZ51,NA,NA,123.28,NA,NA,141.385,NA,163.585,158.72,132.215,NA,NA,NA,NA,168.66,NA,203.91,181.6848335,225.04
Z031E0556/PHZ51,NA,NA,140.5,NA,NA,NA,NA,NA,152.54,NA,NA,NA,NA,NA,NA,NA,NA,NA,NA
Z032E0034/PHZ51,NA,NA,133.065,NA,NA,150.46,NA,124.135,159.995,169.325,NA,NA,NA,NA,159.68,NA,186.915,194.08527385,213.57
Z032E0081/PHZ51,NA,NA,148.05,NA,NA,NA,NA,105.825,146.175,NA,NA,NA,NA,NA,NA,NA,NA,227.4662663,NA
Z033E0001/PHZ51,NA,NA,113.62,NA,NA,NA,NA,107.01,191.12,NA,NA,NA,NA,NA,162.145,NA,NA,186.08267625,180.845
Z034E0042/3IIH6,NA,NA,92.48,NA,NA,78.87,NA,114.535,160.59,136.115,NA,NA,NA,NA,149.945,NA,160.38,125.18449575,157.005
Z034E0042/PHZ51,NA,NA,130.69,NA,NA,125.76,NA,92.59,137.06,130.52,NA,NA,NA,NA,165.325,NA,165.715,182.02413655,218.855
Z035E0047/PHZ51,NA,NA,147.63,NA,NA,134.225,NA,126.155,167.08,168.315,NA,NA,NA,NA,175.41,NA,196.65,217.60041,225.53
Z035E0060/PHZ51,NA,NA,127.565,NA,NA,NA,NA,NA,124.97,NA,NA,NA,NA,NA,NA,NA,NA,169.2523415,NA
Z036E0057/PHZ51,NA,NA,120.575,NA,NA,NA,NA,152.59,144.005,NA,NA,NA,NA,NA,NA,NA,NA,149.1285203,NA
Z037E0012/3IIH6,NA,NA,147.195,NA,NA,150.145,NA,144.185,172.3,150.495,NA,NA,NA,NA,212.62,NA,194.635,189.220926,219.03
Z037E0054/PHZ51,NA,NA,135.99,NA,NA,NA,NA,146.73,81.21,NA,NA,NA,NA,NA,121.41,NA,NA,185.17585965,NA
Z038E0057/3IIH6,NA,NA,145.195,NA,NA,131.635,NA,176.15,139.685,145.125,NA,NA,NA,NA,208.41,NA,195.245,229.4640076,239.02
Z038E0057/PHZ51,NA,NA,134.87,NA,NA,125.535,NA,113.29,153.07,131.07,NA,NA,NA,NA,181.1,NA,210.635,214.09038715,244.455
